record_id,exam_date,patient_name,species,breed,birth_date,weight_kg,sex,sterilized,owner_name,referring_veterinarian,radiograph_count,medical_report,owner_contact,species_original,breed_original,sex_original,sterilized_original,weight_original,birth_date_original,exam_date_original,radiograph_count_original,medical_report_original,owner_contact_original
4315,2022-01-18,LIMA,FELINO,CRIOLLO,2021-09-02,3.0,H,,CAMILO RAMIREZ,LUISA VARGAS,,SI,,FELINO,CRIOLLO,H,NS,3,2021-09-02 00:00:00,2022-01-18 00:00:00,,SI,NO
4316,2021-02-19,THORE,CANINO,BULL DOG INGLES,2020-10-01,16.0,M,SI,CAROLINA SUAREZ GARZON,JULIO CESAR DUARTE,,SI,,CANINO,BULL DOG INGLES,M,SI,16,2020-10-01 00:00:00,2021-02-19 00:00:00,,SI,NO
4317,2021-02-19,ESTRELLITA,CANINO,BEAGLE,2013-02-01,11.0,H,SI,LORENA RODRIGUEZ,ERWIN RESTREPO,,SI,,CANINO,BEAGLE,H,SI,11,2013-02-01 00:00:00,2021-02-19 00:00:00,,SI,NO
4318,2022-02-19,MILU,CANINO,PASTOR ALEMAN,2013-01-01,23.0,H,NO,DUVAN PEÑA,JUAN CAMILO TRUJILLO,,NO,,CANINO,PASTOR ALEMAN,H,NO,23,01.01.2013,2022-02-19 00:00:00,,NO,NO
4319,2022-02-21,TAYLER,CANINO,PIT BULL,2020-01-01,28.0,M,NO,LEONARDO CUELLAR,JAIME VEGA,,NO,,CANINO,PIT BULL,M,NO,28,01.01.2020,2022-02-21 00:00:00,,NO,NO
4321,2022-02-21,MINI,CANINO,PINSCHER,2013-01-01,4.0,H,NO,RICARDO BERNAL,JAIME VEGA,,SI,,CANINO,PINSCHER,H,NO,4,01.01.2013,2022-02-21 00:00:00,,SI,NO
4320,2022-02-22,JACK,CANINO,COCKER,2017-01-01,18.0,M,NO,GINA PAOLA RINCON,VET TEOS MASCOTAS,,SI,,CANINO,COCKER,M,NO,18,01.01.2017,2022-02-22 00:00:00,,SI,NO
4322,2022-02-24,NAPOLEON,FELINO,CRIOLLO,2017-01-01,3.7,M,NO,N.P.,ERWIN RESTREPO,,NO,,FELINO,CRIOLLO,M,NO,3.7,01.01.2017,2022-02-24 00:00:00,,NO,NO
4323,2022-02-25,HANNA,CANINO,BEAGLE,2011-08-11,14.0,H,SI,SANTIAGO DOMINGUEZ,ERWIN RESTREPO,,NO,,CANINO,BEAGLE,H,SI,14,2011-08-11 00:00:00,2022-02-25 00:00:00,,NO,NO
4324,2022-02-26,DALILA,CANINO,PIT BULL,2021-10-04,12.6,H,NO,JUAN PABLO CHICA ,ALEJANDRO PUERTA ,,NO,,CANINO,PIT BULL,H,NO,12.6,2021-10-04 00:00:00,2022-02-26 00:00:00,,NO,NO
4325,2022-02-26,RENNCO,CANINO,CRIOLLO,2019-01-01,,M,NO,ANDERSON BOHORQUEZ,ERWIN RESTREPO,,SI,,CANINO,CRIOLLO,M,NO,NS,01.01.2019,2022-02-26 00:00:00,,SI,NO
4326,2022-02-27,KIRA,CANINO,LABRADOR,2018-01-01,26.2,H,NO,CATERINE GONZALEZ,ERWIN RESTREPO,,NO,,CANINO,LABRADOR,H,NO,26.2,01.01.2018,2022-02-27 00:00:00,,NO,NO
4327,2022-02-27,NANAMIS,CANINO,FRENCH POODLE,2022-01-01,3.0,H,NO,ALVEIRO MELO,ERWIN RESTREPO,,NO,,CANINO,FRENCH POODLE,H,NO,3,01.01.2022,2022-02-27 00:00:00,,NO,NO
4328,2022-02-27,POCILLO,FELINO,CRIOLLO,2017-01-01,4.0,M,SI,ALEXANDER CABALLERO,ERWIN RESTREPO,,NO,,FELINO,CRIOLLO,M,SI,4,01.01.2017,2022-02-27 00:00:00,,NO,NO
4329,2022-02-27,HAPPY,CANINO,FRENCH POODLE,2012-06-06,7.0,M,SI,GLADIS DE INFANTE,JUAN PABLO ORTIZ,,NO,,CANINO,FRENCH POODLE,M,SI,7,06.06.2012,2022-02-27 00:00:00,,NO,NO
4330,2022-02-28,JUGUETONA,CANINO,LABRADOR,2008-02-01,29.2,H,SI,ALBA SOFIA VELA,ANIBAL GARCIA,,NO,,CANINO,LABRADOR,H,SI,29.2,01.02.2008,2022-02-28 00:00:00,,NO,NO
4331,2021-02-28,FIONA,CANINO,BULL TERRIER,2006-01-01,16.0,H,SI,NOHELIA BAUTISTA,ANDRES RUIZ,,SI,,CANINO,BULL TERRIER,H,SI,16,01.01.2006,2021-02-28 00:00:00,,SI,NO
4332,2022-02-28,KHRONOS,CANINO,BORDER COLLIE,2017-01-01,24.0,M,NO,KAREN CESPEDES ,MARTHA ROMERO ,5,SI,,CANINO,BORDER COLLIE,M,NO,24,01.01.2017,2022-02-28 00:00:00,5,SI,NO
4333,2022-03-01,FERMIN,CANINO,LAKELAND TERRIER,,,M,NO,MARTA SUAREZ,RUBEN GOMEZ,,NO,,CANINO,LAKELAND TERRIER,M,NO,ns,8 MESES,2022-03-01 00:00:00,,NO,NO
4334,2022-03-02,THOR,CANINO,BULL DOG,2010-01-01,19.0,M,NO,GUSTAVO ROVERA,JUAN CAMILO TRUJILLO Y ERIKA RICAURTE,,NO,,CANINO,BULL DOG,M,NO,19,01.01.2010,2022-03-02 00:00:00,,NO,NO
4335,2022-03-02,UI,CANINO,GUAYMARAL,2015-01-01,25.0,H,SI,PEDRO AGUILAR,JUAN CAMILO TRUJILLO Y ERIKA RICAURTE,,SI,,CANINO,GUAYMARAL,H,SI,25,01.01.2015,2022-03-02 00:00:00,,SI,NO
4337,2022-03-03,TOBY,CANINO,FRENCH POODLE,2012-02-02,8.0,M,SI,PAOLA RIAÑO,ADRIANA OSRONO,,,,CANINO,FRENCH POODLE,M,SI,8,02.02.2012,2022-03-03 00:00:00,,,NO
4336,2022-03-03,TOMAS,FELINO,CRIOLLO,2021-12-24,1.8,M,NO,ANGIE RODRIGUEZ,RIGOBERTO MEJIA ,,NO,,FELINO,CRIOLLO,M,NO,1.8,24.12.2021,2022-03-03 00:00:00,,NO,NO
4338,2022-03-04,PRINCESA,CANINO,SHIH TZU,2014-01-01,6.2,H,SI,KATERINE RINCON,JUAN CAMILO TRUJILLO Y ERIKA RICAURTE,2,SI,,CANINO,SHIH TZU,H,SI,6.2,01.01.2014,2022-03-04 00:00:00,2,SI,NO
4339,2022-03-04,SIRIUS,FELINO,CRIOLLO,2021-06-04,3.0,M,,LEONARDO MORENO,JULIO CESAR DUARTE,6,SI,,FELINO,CRIOLLO,M,NS,3,04.06.2021,2022-03-04 00:00:00,6,SI,NO
4340,2022-03-04,LUNA,CANINO,FRENCH POODLE,2004-10-01,4.0,H,SI,ANGIE MELO ,ERWIN RESTREPO,2,SI,,CANINO,FRENCH POODLE,H,SI,4,01.10.2004,2022-03-04 00:00:00,2,SI,NO
4341,2022-03-04,LULU,FELINO,CRIOLLO,2012-01-01,3.0,H,SI,LOREN JIMENEZ,LIGIA GARCIA ,2,NO,,FELINO,CRIOLLO,H,SI,3,01.01.2012,2022-03-04 00:00:00,2,NO,NO
4342,2022-03-04,CHEPOLIN,FELINO,CRIOLLO,2015-03-04,3.0,M,SI,MARISOL GOMEZ,ERWIN RESTREPO,1,NO,,FELINO,CRIOLLO,M,SI,3,04.03.2015,2022-03-04 00:00:00,1,NO,NO
4343,2022-03-04,SAFIRA,CANINO,PINSCHER,2017-01-01,4.2,H,,LEIDY GIRALDO,JUAN CAMILO TRUJILLO Y ERIKA RICAURTE,1,NO,,CANINO,PINSCHER,H,NS,4.2,01.01.2017,2022-03-04 00:00:00,1,NO,NO
4344,2022-03-05,SAMMY,CANINO,CRIOLLO,,16.0,M,NO,MARIA VILLAMIZAR,ERWIN RESTREPO,2,SI,,CANINO,CRIOLLO,M,NO,16,NS,2022-03-05 00:00:00,2,SI,NO
4345,2022-03-05,MANCHAS,FELINO,CRIOLLO,,6.0,M,,NS,JULIO CESAR DUARTE,,NO,,FELINO,CRIOLLO,M,NS,6,NS,2022-03-05 00:00:00,,NO,NO
4346,2022-03-07,ROCKY,CANINO,SCHNAUZER,2012-05-13,9.0,M,SI,ANDRES DE LA ROSA,RUBEN GOMEZ,1,NO,,CANINO,SCHNAUZER,M,SI,9,2012-05-13 00:00:00,2022-03-07 00:00:00,1,NO,NO
4347,2022-03-07,MANGO,FELINO,CRIOLLO,2019-03-05,,M,SI,ERIK MATIR,LIGIA GARCIA ,,NO,,FELINO,CRIOLLO,M,SI,NS,2019-03-05 00:00:00,2022-03-07 00:00:00,,NO,NO
4348,2022-03-08,BELA,FELINO,PERSA PELO CORTO,2014-01-01,4.0,H,SI,ALEJANDRA MORENO,NATALIA UTRERA,2,SI,,FELINO,PERSA PELO CORTO,H,SI,4,01.01.2014,2022-03-08 00:00:00,2,SI,NO
4349,2022-03-08,AFRODITA,FELINO,CRIOLLO,2021-12-21,1.9,H,NO,KAREN LIZARO,MAIRA GARCIA VET MATEOS,2,SI,,FELINO,CRIOLLO,H,NO,1.9,21.12.2021,2022-03-08 00:00:00,2,SI,NO
4350,2022-03-09,ANNIE,CANINO,COCKER,2012-01-01,13.0,H,NO,MARIA HELENA CASTILLO,ERWIN RESTREPO,1,NO,,CANINO,COCKER,H,NO,13,2012-01-01 00:00:00,2022-03-09 00:00:00,1,NO,NO
4351,2022-03-09,LUNA,CANINO,GOLDEN,2012-01-01,28.0,H,NO,DANIELA PEREZ,JUAN P ORTIZ,2,SI,,CANINO,GOLDEN,H,NO,28,01.01.2012,2022-03-09 00:00:00,2,SI,NO
4352,2022-03-09,GANDALF,CANINO,AFGANO,2012-01-01,32.0,M,NO,CRISTINA CERON,JUAN P ORTIZ,,SI,,CANINO,AFGANO,M,NO,32,01.01.2012,2022-03-09 00:00:00,,SI,NO
4353,2022-03-09,YIYO,CANINO,PINSCHER,2006-03-08,2.5,M,NO,GLADYS AMADOR,JUAN CAMILO TRUJILLO Y ERIKA RICAURTE,2,SI,,CANINO,PINSCHER,M,NO,2.5,08.03.2006,2022-03-09 00:00:00,2,SI,NO
4354,2022-03-09,TEO,CANINO,YORKY SHIRE TERRIER,2018-03-01,1.9,M,NO,MARIBEL RODRIGUEZ,JUAN PABLO ORTIZ,2,SI,,CANINO,YORKY SHIRE,M,NO,1.9,01.03.2018,2022-03-09 00:00:00,2,SI,NO
4355,2022-03-09,SUSY,FELINO,CRIOLLO,2015-01-01,4.0,H,SI,JUAN FELIPE JIMENEZ,MARIA BAUTISTA,2,SI,,FELINO,CRIOLLO,H,SI,4,01.01.2015,2022-03-09 00:00:00,2,SI,NO
4356,2022-03-09,TOMMY,FELINO,CRIOLLO,,4.0,M,SI,JHONN DUEÑAS,ERWIN,1,NO,,FELINO,CRIOLLO,M,SI,4,NR,2022-03-09 00:00:00,1,NO,NO
4357,2022-03-09,BONNY,FELINO,CRIOLLO,2020-10-30,3.3,M,,MIGURL SERRANO ,ERWIN,2,SI,,FELINO,CRIOLLO,M,,3.3,2020-10-30 00:00:00,2022-03-09 00:00:00,2,SI,NO
4358,2022-03-10,GABY,CANINO,SCHNAUZER,2020-01-01,8.0,H,SI,YEIMY PEÑA,JUAN CAMILO,2,SI,,CANINO,SCHNAUZER,H,SI,8,01.01.2020,2022-03-10 00:00:00,2,SI,NO
4359,2022-03-10,BON BON,FELINO,CRIOLLO,2012-01-01,4.0,H,SI,AMANDA AGUDELO,JUAN CAMILO,1,NO,,FELINO,CRIOLLO,H,SI,4,01.01.2012,2022-03-10 00:00:00,1,NO,NO
4360,2022-03-10,TOMAS,FELINO,CRIOLLO,2020-10-01,4.3,M,SI,BEATRIZ CARLO ,RUBEN GOMEZ ,1,NO,,FELIINO,CRIOLLO,M,SI,4.3,01.10.2020,2022-03-10 00:00:00,1,NO,NO
4361,2022-03-10,RAMONA,CANINO,LABRADOR,2014-01-01,33.0,H,SI,DAYANA RAMIREZ,JULIO CESAR DUARTE ,2,SI,,CANINO,LABRADOR,H,SI,33,01.01.2014,2022-03-10 00:00:00,2,SI,NO
4363,2022-03-11,MOLLY,CANINO,GOLDEN,2021-06-01,25.6,H,NO,JUAN PABLO SERRANO,MARIBEL MUÑOZ,2,SI,,CANINO,GOLDEN,H,NO,25.6,01.06.2021,2022-03-11 00:00:00,2,SI,NO
4362,2022-03-11,LUKAS,CANINO,BULL DOG,2008-12-01,,M,NO,JORGE PORTILLA,ANIBAL GARCIA,1,NO,,CANINO,BULL DOG,M,NO,,01.12.2008,2022-03-11 00:00:00,1,NO,NO
4364,2022-03-11,ATENEA,CANINO,GRAN DANES,2020-10-01,42.0,M,NO,JONATHAN RODRIGUEZ,LUISA VARGAS,1,NO,,CANINO,GRAN DANES,M,NO,42,01.10.2020,2022-03-11 00:00:00,1,NO,NO
4365,2022-03-12,JUNIOR,CANINO,CRIOLLO,2007-05-01,21.2,M,NO,DOLLY SERRATO,ERWIN RESTREPO,1,NO,,CANINO,CRIOLLO,M,NO,21.2,01.05.2007,2022-03-12 00:00:00,1,NO,NO
4366,2022-03-12,LISBOA,CANINO,BERNES DE LA MONTAÑA,2021-08-01,23.6,H,NO,NATALIA MEDINA,ALEJANDRO PUERTA ,1,NO,,CANINO,BERNES DE LA MONTAÑA,H,NO,23.6,01.08.2021,2022-03-12 00:00:00,1,NO,NO
4367,2022-03-12,THANOS,CANINO,PUG,2019-03-01,12.4,M,NO,DAVID SOTO,ERWIN RESTREPO,2,SI,,CANINO,PUG,M,NO,12.4,01.03.2019,2022-03-12 00:00:00,2,SI,NO
4368,2022-03-15,DINNO,CANINO,BEAGLE,2011-01-01,20.0,M,NO,SANDRA VAQUERO,LISSETH BURGOS,2,SI,,CANINO,BEAGLE,M,NO,20,01.01.2011,2022-03-15 00:00:00,2,SI,NO
4369,2022-03-15,FRANKY,CANINO,BULL DOG FRANCES,2022-01-01,,M,NO,NS,MAIRA GARCIA VET MATEOS,2,SI,,CANINO,BULL DOG FRANCES,M,NO,NS,01.01.2022,2022-03-15 00:00:00,2,SI,NO
4370,2022-03-16,KRATOS,CANINO,BULL DOG FRANCES,2021-03-09,10.0,M,NO,PAOLA CAMELLO,ERWIN RESTREPO,2,NO,,CANINO,BULL DOG FRANCES,M,NO,10,09.03.2021,2022-03-16 00:00:00,2,NO,NO
4371,2022-03-17,EMMA,FELINO,CRIOLLO,2021-03-16,,H,SI,MONICA LEGIZAMON,ERWIN RESTREPO,2,SI,,FELINO,CRIOLLO,H,SI,NS,16.03.2021,2022-03-17 00:00:00,2,SI,NO
4372,2022-03-18,LUKAS,CANINO,CRIOLLO,2021-07-01,,M,SI,ODILIA HERRERA,ERWIN RESTREPO,2,SI,,CANINO,CRIOLLO,M,SI,NS,01.07.2021,2022-03-18 00:00:00,2,SI,NO
4373,2022-03-19,EMILIANO,FELINO,CRIOLLO,2018-01-01,4.0,M,SI,AMALIA DUARTE,RUBEN GOMEZ,2,SI,,FELINO,CRIOLLO,M,SI,4,01.01.2018,2022-03-19 00:00:00,2,SI,NO
4374,2022-03-19,MANOLO,CANINO,CRIOLLO,2007-02-01,22.6,M,NO,WILLIAM LOPEZ ,MAIRA GARCIA,2,NO,,CANINO,CRIOLLO,M,NO,22.6,01.02.2007,2022-03-19 00:00:00,2,NO,NO
4375,2022-03-19,UKIYO,FELINO,CRIOLLO,2017-02-01,,M,SI,ANA MARIA CORONADO ,ANIBAL GARCIA,1,NO,,FELINO,CRIOLLO,M,SI,NS,01.02.2017,2022-03-19 00:00:00,1,NO,NO
4376,2022-03-19,SIMONA,CANINO,LABRADOR,2014-03-19,30.0,H,NO,PAOLA HERNANDEZ,ERWIN RESTREPO,1,NO,,CANINO,LABRADOR,H,NO,30,19.03.2014,2022-03-19 00:00:00,1,NO,NO
4377,2022-03-22,MILO,FELINO,CRIOLLO,,1.7,M,NO,SANDRA SUAREZ,JAIME VEGA,1,NO,,FELINO,CRIOLLO,M,NO,1.7,44546,2022-03-22 00:00:00,1,NO,NO
4378,2022-03-22,LINDA,CANINO,CRIOLLO,,12.8,H,SI,LILIA ARDILA,DANIEL MENDIETA,2,SI,,CANINO,CRIOLLO,H,SI,12.8,42736,2022-03-22 00:00:00,2,SI,NO
4379,2022-03-22,CHICO,CANINO,PINSCHER,2021-08-01,3.8,M,NO,BLANCA NARANJO ,JUAN CAMILO TRUJILLO,1,NO,,CANINO,PINSCHER,M,NO,3.8,01.08.2021,2022-03-22 00:00:00,1,NO,NO
4380,2022-03-22,GUARDIAN,CANINO,CRIOLLO,2016-03-01,,M,NO,LINA QUIROZ,ANDRES RUIZ,3,SI,,CANINO,CRIOLLO,M,NO,NS,01.03.2016,2022-03-22 00:00:00,3,SI,NO
4381,2022-03-22,AZUL,FELINO,AZUL RUSO,2013-03-01,6.8,M,SI,NICOL AGUDELO,ERWIN RESTREPO,2,SI,,FELINO,AZUL RUSO,M,SI,6.8,01.03.2013,2022-03-22 00:00:00,2,SI,NO
4382,2022-03-22,MUÑECA,CANINO,CRIOLLO,,28.0,H,SI,ANGELICA BARRERA,ERWIN RESTREPO,2,SI,,CANINO,CRIOLLO,H,SI,28,NS,2022-03-22 00:00:00,2,SI,NO
4383,2022-03-22,SOOKIE,FELINO,CRIOLLO,2013-03-01,5.0,H,SI,ANGELA GUEVARA,ADRIANA MARCELA OSORNO,2,SI,,FELINO,CRIOLLO,H,SI,5,01.03.2013,2022-03-22 00:00:00,2,SI,NO
4384,2022-03-22,COPITO,FELINO,CRIOLLO,2018-03-01,,M,SI,PATRICIA RODRIGUEZ,ERWIN RESTREPO,2,NO,,FELINO,CRIOLLO,M,SI,NS,01.03.2018,2022-03-22 00:00:00,2,NO,NO
4385,2022-03-23,TOKIO,FELINO,PERSA,,3.0,M,NO,MERTA PIRA,ALEJANDRO PUERTA ,1,NO,,FELINO,PERSA,M,NO,3,44374,2022-03-23 00:00:00,1,NO,NO
4386,2022-03-23,TIMOTEO,CANINO,SCHNAUZER,2008-03-01,,M,SI,FRANKLIN OSPINA,RUBEN GOMEZ,1,NO,,CANINO,SCHNAUZER,M,SI,NS,01.03.2008,2022-03-23 00:00:00,1,NO,NO
4387,2022-03-24,LUCKY,FELINO,CRIOLLO,2006-10-31,3.2,M,SI,CAROLINA ORTIZ,JUAN PABLO ORTIZ,1,NO,,FELINO,CRIOLLO,M,SI,3.2,31.10.2006,2022-03-24 00:00:00,1,NO,NO
4388,2022-03-24,PARIS,CANINO,YORKY SHIRE TERRIER,2010-10-01,3.0,H,NO,XIMENA GUERRERO,ANIBAL GARCIA,1,NO,,CANINO,YORKY SHIRE,H,NO,3,01.10.2010,2022-03-24 00:00:00,1,NO ,NO
4389,2022-03-25,BONGO,CANINO,BEAGLE,2014-03-01,19.6,M,NO,CLARA FARIAS,MARIA TERESA GACHARNA,2,SI,,CANINO,BEAGLE,M,NO,19.6,01.03.2014,2022-03-25 00:00:00,2,SI,NO
4390,2022-03-25,PACHO,FELINO,CRIOLLO,2013-03-25,4.0,M,SI,ROSAELVIA RUIZ,ANIBAL GARCIA,2,SI,,FELINO,CRIOLLO,M,SI,4,25.03.2013,2022-03-25 00:00:00,2,SI,NO
4391,2022-03-26,SIMON,CANINO,BEAGLE,,15.4,M,SI,LILIANA SANCHEZ ,OMAR BERMUDEZ,2,SI,,CANINO,BEAGLE,M,SI,15.4,43246,2022-03-26 00:00:00,2,SI,NO
4392,2022-03-26,MANGO,FELINO,CRIOLLO,2020-03-01,4.6,M,SI,ROCIO HERNANDEZ,ANDRES RUIZ,2,SI,,FELINO,CRIOLLO,M,SI,4.6,01.03.2020,2022-03-26 00:00:00,2,SI,NO
4393,2022-03-26,SAM,CANINO,FRENCH POODLE,,7.4,M,,MEDINA,ANDRES SIERRA,1,NO,,CANINO,FRENCH POODLE,M,NS,7.4,44618,2022-03-26 00:00:00,1,NO,NO
4394,2022-03-28,MALIA,FELINO,CRIOLLO,2021-11-01,2.2,H,NO,SANTIAGO ZAPATA,MIRIAM ACOSTA,2,,,FELINO,CRIOLLO,H,NO,2.2,01.11.2021,2022-03-28 00:00:00,2,,NO
4395,2022-03-29,CHIQUI,CANINO,PINSCHER,2010-03-01,2.6,M,SI,JESICA LOPEZ,RUBEN GOMEZ,1,NO,,CANINO,PINSCHER,M,SI,2.6,01.03.2010,2022-03-29 00:00:00,1,NO,NO
4396,2022-03-29,THORY,CANINO,CRIOLLO,,13.0,H,SI,ANDRES BELLO,ERWIN RESTREPO,1,NO,,CANINO,CRIOLLO,H,SI,13,44467,2022-03-29 00:00:00,1,NO,NO
4397,2022-03-29,TYGAT,CANINO,BULL DOG FRANCES,,7.2,M,NO,ZULY GONZALEZ ,RUBEN GOMEZ,1,NO,,CANINO,BULL DOG FRANCÉS,M,NO,7.2,44495,2022-03-29 00:00:00,1,NO,NO
4398,2022-03-29,REX,CANINO,PASTOR ALEMAN,2020-09-01,32.0,M,NO,CARLOS RODRIGUEZ,RUBEN GOMEZ,1,NO,,CANINO,PASTOR ALEMAN ,M,NO,32,01.09.2020,2022-03-29 00:00:00,1,NO,NO
4399,2022-03-30,PULGUITAS,CANINO,CRIOLLO,2015-03-01,12.0,H,SI,CARMEN SANABRIA,RUBEN GOMEZ,1,NO,,CANINO,CRIOLLO,H,SI,12,01.03.2015,2022-03-30 00:00:00,1,NO,NO
4401,2022-03-31,RITA,CANINO,CRIOLLO,,16.0,H,SI,MAURICIO GACHARNA,JUAN PABLO ORTIZ,2,NO,,CANINO,CRIOLLO,H,SI,16,01.03.20113,2022-03-31 00:00:00,2,NO,NO
4402,2022-03-31,LUCKY,CANINO,COCKER,2011-11-26,12.4,M,SI,ALEXANDRA GUTIERREZ,ANIBAL GARCIA ,2,NO,,CANINO,COCKER,M,SI,12.4,26.11.2011,2022-03-31 00:00:00,2,NO,NO
4403,2022-03-31,LUCAS,CANINO,SCHNAUZER,2009-03-01,7.0,M,NO,DALIA ARIZA,MARIBEL MUÑOZ,1,SI,,CANINO,SCHNAUZER,M,NO,7,01.03.2009,2022-03-31 00:00:00,1,SI,NO
4404,2022-04-01,JACOB,CANINO,CRIOLLO,,17.0,M,SI,JENNIFFER GUTIERREZ,ANIBAL GARCIA ,1,NO,,CANINO,CRIOLLO,M,SI,17,40096,2022-04-01 00:00:00,1,NO,NO
4400,2022-04-01,ZOE,CANINO,CRIOLLO,,19.0,H,SI,NUBIA ORTEGA,VET MATEOS,1,NO,,CANINO,CRIOLLO,H,SI,19,44378,2022-04-01 00:00:00,1,NO,NO
4405,2022-04-02,ZAFIRA,CANINO,FRENCH POODLE,2009-04-01,11.0,H,SI,FELIPE GUERRERO,VETERINARIA MATEOS,2,SI,,CANINO,FRENCH POODLE,H,SI,11,01.04.2009,2022-04-02 00:00:00,2,SI,NO
4406,2022-04-02,MONO,CANINO,FRENCH POODLE,2015-04-01,16.0,M,SI,DORIS AREVALO,FLOR NINAHUALPA,2,SI,,CANINO,FRENCH POODLE,M,SI,16,01.04.2015,2022-04-02 00:00:00,2,SI,NO
4407,2022-04-02,BENJAMIN,CANINO,CRIOLLO,2013-05-14,28.8,M,SI,MARILYN MORENO,RUBEN GOMEZ,2,SI,,CANINO,CRIOLLO,M,SI,28.8,14.05.2013,2022-04-02 00:00:00,2,SI,NO
4408,2022-04-05,TAIRA,CANINO,BULL TERRIER,2016-04-01,22.0,H,SI,BERTHS VILCHES,ERWIN RESTREPO,2,SI,,CANINO,BULL TERRIER,H,SI,22,01.04.2016,2022-04-05 00:00:00,2,SI,NO
4409,2022-04-07,BELLA,FELINO,CRIOLLO,,3.2,H,SI,LEIDY DIAZ,ANDRES Y MARIA,2,SI,,FELINO,CRIOLLO,H,SI,3.2,44440,2022-04-07 00:00:00,2,SI,NO
4410,2022-04-07,KIARA,CANINO,BEAGLE,2015-01-01,15.4,H,SI,JOEL MENDIETA,NESTOR RAMIREZ,1,NO,,CANINO,BEAGLE,H,SI,15.4,01.01.2015,2022-04-07 00:00:00,1,NO,NO
4411,2022-04-07,JUNIOR,CANINO,FRENCH POODLE,2015-11-29,9.4,M,NO,LUZ MARINA PUERTO,JAIME VEGA ,1,NO,,CANINO,FRENCJ POODLE,M,NO,9.4,29.11.2015,2022-04-07 00:00:00,1,NO,NO
4412,2022-04-07,MOTAS,CANINO,FRENCH POODLE,2009-01-01,11.2,M,SI,CLAUDIA ALARCON ,RAFAEL TORRES,1,NO,,CANINO,FRENCH POODLE,M,SI,11.2,01.01.2009,2022-04-07 00:00:00,1,NO,NO
4413,2022-04-07,GOOFY,CANINO,SCHNAUZER,2009-01-01,12.2,M,SI,LAURA,RUBEN GOMEZ,2,NO,,CANINO,SCHNAUZER ,M,SI,12.2,01.01.2009,2022-04-07 00:00:00,2,NO,NO
4414,2022-04-07,EMMA,CANINO,CRIOLLO,2021-01-01,9.6,H,SI,PAULA PALACIOS,JUAN PABLO ,2,NO,,CANINO,CRIOLLO,H,SI,9.6,01.01.2021,2022-04-07 00:00:00,2,NO,NO
4415,2022-04-08,KENAY,CANINO,COCKER,,15.2,M,SI,MARISOL PRECIADO,JAIME VEGA ,1,NO,,CANINO,COCKER,M,SI,15.2,40344,2022-04-08 00:00:00,1,NO ,NO
4416,2022-04-08,BOMBOM,CANINO,PIT BULL,,31.0,H,SI,ANDRES JAIMES ,ADRIAN AOSORNO,2,SI,,CANINO,PIT BULL,H,SI,31,14.02.17,2022-04-08 00:00:00,2,SI,NO
4417,2022-04-08,GORDO,FELINO,CRIOLLO,2019-04-01,,M,SI,ANGIE PINEDA,ERWIN RESTREPO,2,SI,,FELINO,CRIOLLO,M,SI,NS,01.04.2019,2022-04-08 00:00:00,2,SI,NO
4418,2022-04-08,LOCKY,FELINO,CRIOLLO,2016-06-12,,M,SI,DIANA VALENCIA,ERWIN RETREPO,1,NO,,FELINO,CRIOLLO,M,SI,NS,12.06.2016,2022-04-08 00:00:00,1,NO ,NO
4419,2022-04-08,RINGO,CANINO,FRENCH POODLE,,7.8,M,SI,MARIA TERESA ROMERO,ANIBAL GARCIA,1,NO,,CANINO,FRENCH POODLE,M,SI,7.8,42508,2022-04-08 00:00:00,1,NO,NO
4420,2022-04-09,NIÑA,FELINO,CRIOLLO,2018-04-01,4.0,H,SI,PAULA SANABRIA,JENIFER GUTIÉRREZ,1,NO,,FELINO,CRIOLLO,H,SI,4,01.04.2018,2022-04-09 00:00:00,1,NO,NO
4421,2022-04-09,LUNA,CANINO,YORKY SHIRE TERRIER,2012-04-01,4.0,H,,ROSA MAYORGA,ERWIN RETRESPO,1,NO,,CANINO,YORKY SHIRE TERRIER,H,NS,4,01.04.2012,2022-04-09 00:00:00,1,NO,NO
4422,2022-04-09,DOMINIC,FELINO,PINSCHER,2018-04-01,2.4,M,NO,ALBA LUCIA APRAES,ERWIN RESTREPO,1,NO,,FELINO,PINSCHER,M,NO,2.4,01.04.2018,2022-04-09 00:00:00,1,NO,NO
4423,2022-04-09,MANOLO,FELINO,CRIOLLO,2013-11-01,7.4,M,SI,DIANA SNACHEZ ,RUBEN GOMEZ,2,SI,,FELINO,CRIOLLO,M,SI,7.4,01.11.2013,2022-04-09 00:00:00,2,SI,NO
4424,2022-04-09,LOCKI,FELINO,CRIOLLO,2021-07-01,1.8,M,SI,MARTHA MENDEZ,MAIRA GARCIA,1,NO,,FELINO,CRIOLLO,M,SI,1.8,01.07.2021,2022-04-09 00:00:00,1,NO,NO
4425,2022-04-11,LUCAS,CANINO,COCKER,,,M,,ANGIE ESCOBAR,DR ERWIN,2,SI,,CANINO,COCKER,M,NS,NS,NS,2022-04-11 00:00:00,2,SI,NO
4426,2022-04-11,HUMO,FELINO,MESTIZO,2018-01-01,4.0,M,SI,DIANA PATRICIA HERRERA,OMAR BERMUDEZ,1,NO,,FELINO,MESTIZO,M,SI,4,01.01.2018,2022-04-11 00:00:00,1,NO,NO
4427,2022-04-11,PELUSA,CANINO,FRENCH POODLE,2009-04-01,11.0,H,SI,SANDRA VASQUEZ,JUAN CAMILO Y ERIKA,2,,,CANINO,FRENCH POODLE,H,SI,11,01.04.2009,2022-04-11 00:00:00,2,NS,NO
4428,2022-04-11,SPIKE,CANINO,PASTOR ALEMAN,2013-04-01,32.0,M,SI,LEIDY CORTES,ALEJANDRO PUERTA ,2,,,CANINO,PASTOR ALEMAN,M,SI,32,01.04.2013,2022-04-11 00:00:00,2,NS,NO
4429,2022-04-11,DIOMEDES,FELINO,CRIOLLO,2012-04-11,,M,SI,Edward Yesid Lozano,ANIBAL GARCIA,1,,,FELINO,CRIOLLO,M,SI,,11.04.2012,2022-04-11 00:00:00,1,NS,NO
4430,2022-04-11,GOYO,CANINO,GOLDEN,2009-01-01,32.0,M,SI,JULIAN DUSSAN,JUAN CAMILO,1,NO,,CANINO,GOLDEN,M,SI,32,01.01.2009,2022-04-11 00:00:00,1,NO,NO
4431,2022-04-12,AQUILES,CANINO,ROSWAILER,2014-01-01,40.0,M,,BOSCO,DRA LUISA VARGAS,2,SI,,CANINO,ROSWAILER,M,NS,40,01.01.2014,2022-04-12 00:00:00,2,SI,NO
4432,2022-04-12,TAMYLULI,CANINO,PIT BULL,2011-04-01,34.0,H,SI,CARMELITA FAJARDO,ERWIN RESTREPO,2,SI,,CANINO,PIT BULL,H,SI,34,01.04.2011,2022-04-12 00:00:00,2,SI,NO
4433,2022-04-13,NALA,CANINO,PIT BULL,2021-01-01,21.0,H,SI,DIEGO CHIBATA,MARIBEL MUÑOZ,2,SI,,CANINO,PIT BULL,H,SI,21,01.01.2021,2022-04-13 00:00:00,2,SI,NO
4434,2022-04-13,HUNTER,CANINO,BEAGLE,2010-04-01,18.6,M,SI,CAROLINA TRIVIÑO,MARIA BAUTISTA,2,SI,,CANINO,BEAGLE,M,SI,18.6,01.04.2010,2022-04-13 00:00:00,2,SI,NO
4435,2022-04-13,JUANA,FELINO,PERSA,2014-04-01,4.4,H,SI,CAROLINA ENCISO,JUAN PABLO ORTIZ,1,NO,,FELINO,PERSA,H,SI,4.4,01.04.2014,2022-04-13 00:00:00,1,NO,NO
4436,2022-04-13,FAUSTINO,CANINO,BULL DOG,2015-04-01,31.0,M,SI,FAUSTO PEDRAZA,ANIBAL GARCIA,2,SI,,CANINO,BULL DOG,M,SI,31,01.04.2015,2022-04-13 00:00:00,2,SI,NO
4437,2022-04-13,ESTRELLITA,FELINO,MESTIZO,2021-01-01,2.3,H,NO,ALEXANDRA RODRIGUEZ,LIGIA GARCIA ,1,NO,,FELINO,MESTIZO,H,NO,2.3,01.01.2021,2022-04-13 00:00:00,1,NO,NO
4438,2022-04-18,MILO,FELINO,MESTIZO,2021-07-01,2.0,H,SI,LUCY ARDILA,DR JULIO CESAR,2,NO,,FELINO,MESTIZO,H,SI,2,01.07.2021,2022-04-18 00:00:00,2,NO,NO
4439,2022-04-19,MILUS,FELINO,CRIOLLO,2017-04-01,4.0,H,,DRANCISCO VELAZQUEZ,LUISA VARGAS,1,NO,,FELINO,CRIOLLO,H,NS,4,01.04.2017,2022-04-19 00:00:00,1,NO,NO
4440,2022-04-20,ZEUS,CANINO,PIT BULL,2011-01-01,25.4,M,SI,YOLANDA PINZON,ERWIN RESTREPO,2,NO,,CANINO,PIT BULL,M,SI,25.4,01.01.2011,2022-04-20 00:00:00,2,NO,NO
4441,2022-04-21,GEORGE,CANINO,FRENCH POODLE,2014-04-01,5.0,M,SI,LUZ MARINA AGUDELO,JUAN CAMILO TRUJILLO,1,NO,,CANINO,FRENCH POODLE,M,SI,5,01.04.2014,2022-04-21 00:00:00,1,NO,NO
4442,2022-04-21,LUPE,FELINO,CRIOLLO,2018-04-01,,H,SI,LAURA LARA,JAIME VEGA ,2,SI,,FELINO,CRIOLLO,H,SI,NS,01.04.2018,2022-04-21 00:00:00,2,SI,NO
4443,2022-04-21,TITAN,CANINO,PASTOR ALEMAN,2021-12-01,13.0,M,NO,INGRID GAMBA,EDISON SALCEDO,1,NO,,CANINO,PASTOR ALEMAN,M,NO,13,01.12.2021,2022-04-21 00:00:00,1,NO,NO
4444,2022-04-21,LOLA,CANINO,SCHNAUZER,2013-01-01,,H,SI,MARIA GRIFALBA,DR ALEJANDRO PUERTA,1,NO,,CANINO,SCHNAUZER,H,SI,NS,01.01.2013,2022-04-21 00:00:00,1,NO,NO
4445,2022-04-21,TERRY,CANINO,PINSCHER,2021-04-03,2.0,M,NO,FLOR MARINA ORTIZ,JULIO CESAR DUARTE,2,SI,,CANINO,PINSCHER,M,NO,2,03.04.2021,2022-04-21 00:00:00,2,SI,NO
4446,2022-04-21,ROMEO,FELINO,CRIOLLO,2021-07-01,,M,NO,CARLOS BARON,JULIO CESAR DUARTE,2,SI,,FELINO,CRIOLLO,M,NO,NS,01.07.2021,2022-04-21 00:00:00,2,SI,NO
4447,2022-04-22,LORENZO,CANINO,BULL DOG INGLES,2017-11-01,30.6,M,SI,LAIDY SAAVEDRA,JAIME VEGA ,2,SI,,CANINO,BULL DOG INGLES ,M,SI,30.6,01.11.2017,2022-04-22 00:00:00,2,SI,NO
4448,2022-04-22,LUNA,CANINO,MESTIZO,2006-01-01,20.0,M,NO,CARLOS OCAMPO,ERWIN RESTREPO,1,NO,,CANINO,MESTIZO,M,NO,20,01.01.2006,2022-04-22 00:00:00,1,NO,NO
4449,2022-04-22,SIA,CANINO,CRIOLLO,2015-01-21,15.0,H,SI,CLEMENCIA PERALTA,RIGOBERTO MEJIA,2,SI,,CANINO,CRIOLLO,H,SI,15,21.01.2015,2022-04-22 00:00:00,2,SI,NO
4450,2022-04-25,NIKITA,FELINO,MESTIZO,2014-01-01,3.0,H,SI,EDGAR ALVARADO,ANDRES RUIZ,1,NO,,FELINO,MESTIZO,H,SI,3,01.01.2014,25/040/2022,1,NO,NO
4451,2022-04-25,SPLASH,FELINO,MESTIZO,2017-01-01,3.0,M,SI,SEBASTIAN RODRIGUEZ,LUISA VARGAS,2,SI,,FELINO,MESTIZO,M,Si,3,01.01.2017,2022-04-25 00:00:00,2,SI,NO
4452,2022-04-25,LANA,CANINO,FRENCH POODLE,2009-01-01,8.0,H,SI,JOSE MARIA LOZANO,MARIBEL MUÑOZ,2,SI,,CANINO,FRENCH,H,SI,8,01.01.2009,2022-04-25 00:00:00,2,SI,NO
4453,2022-04-26,MARIA CONCHITA,CANINO,PINSCHER,2012-01-01,2.6,H,NO,MARIA DOLLY GONZALEZ,RAFAEL TORRES,1,NO,,CANINO,PINSCHER,H,NO,2.6,01.01.2012,2022-04-26 00:00:00,1,NO,NO
4454,2022-04-26,MATEO,CANINO,MESTIZO,2021-01-01,12.0,M,NO,JAIME VEGA,JAIME VEGA,2,NO,,CANINO,MESTIZO,M,NO,12,01.01.2021,26.04.2022,2,NO,NO
4455,2022-04-26,ARKANA,CANINO,PIT BULL,2019-01-01,34.0,M,SI,ANDERSON PULIDO,ERWIN RESTREPO,4,SI,,CANINO,PIT BULL,M,SI,34,01.01.2019,2022-04-26 00:00:00,4,SI,NO
4456,2022-04-27,RAMON,CANINO,PASTOR,2017-01-01,25.0,M,NO,RUTH RICO,RUBEN GOMEZ,2,SI,,CANINO,PASTOR,M,NO,25,01.01.2017,27.04.2022,2,SI,NO
4457,2022-04-27,VODKA,FELINO,CRIOLLO,2016-04-01,3.2,H,NO,ANGELICA TRIANA,ERWIN RESTREPO,,NO,,FELINO,CRIOLLO,H,NO,3.2,01.04.2016,27.04.2022,NS,NO,NO
4458,2022-04-29,PERLA,FELINO,MESTIZO,2021-01-01,3.0,H,SI,CLAUDIA TORRES,LIGIA GARCIA ,1,NO,,FELINO,MESTIZO,H,SI,3,01.01.2021,29/04/2022,1,NO,NO
4459,2022-04-29,LUNA,FELINO,MESTIZO,2021-06-01,3.0,H,SI,ALEJANDRA ORTEGA,EDGAR ORDOÑEZ,1,NO,,FELINO,MESTIZO,H,SI,3,01.06.2021,2022-04-29 00:00:00,1,NO,NO
4460,2022-04-30,ARIA,CANINO,MESTIZO,2021-01-01,1.0,H,SI,ALBA ARDILA,RUBEN DOMEZ,1,NO,,CANINO,MESTIZO,H,SI,1,01.01.2021,2022-04-30 00:00:00,1,NO,NO
4461,2022-05-02,PISTACHO,CANINO,FRENCH POODLE,2007-05-01,10.0,M,NO,ELENA GOMEZ,ADRIANA MARCELA OSORNO,2,SI,,CANINO,FRENCH POODLE,M,NO,10,01.05.2007,2022-05-02 00:00:00,2,SI,NO
4462,2022-05-02,LUCAS,CANINO,PUG,2008-05-01,8.0,M,NO,JULIANA ROJAS,JUAN CAMILO TRUJILLO,1,NO,,CANINO,PUG,M,NO,8,01.05.2008,2022-05-02 00:00:00,1,NO,NO
4463,2022-05-02,DOLLAR,CANINO,BULL DOG INGLES,2017-03-09,29.0,M,NO,LISS GALINDO,MAIRA GARCIA,2,SI,,CANINO,BULL DOG INGLES,M,NO,29,09.03.2017,2022-05-02 00:00:00,2,SI,NO
4464,2022-05-04,ALLI,FELINO,CRIOLLO,2016-05-01,2.8,H,SI,BRAYAN MURILLO,ANDRES RUIZ,1,NO,,FELINO,CRIOLLO,H,SI,2.8,01.05.2016,2022-05-04 00:00:00,1,NO,NO
4465,2022-05-04,PAKITA,CANINO,CRIOLLO,2012-05-01,22.6,H,SI,MARLENY GALLEGO,RICARDO GOMEZ,2,NO,,CANINO,CRIOLLO,H,SI,22.6,01.05.2012,2022-05-04 00:00:00,2,NO,NO
4466,2022-05-04,MONY,FELINO,CRIOLLO,2012-05-01,2.2,M,NO,JOHANA SANCHEZ ,ERWIN RETREPO,1,NO,,FELINO,CRIOLLO,M,NO,2.2,01.05.2012,2022-05-04 00:00:00,1,NO,NO
4467,2022-05-05,KIRA,CANINO,MESTIZO,2012-01-01,20.0,H,NO,JESSICA GIL,JUAN CAMILO,1,NO,,CANINO,MESTIZO,H,NO,20,01.01.2012,2022-05-05 00:00:00,1,NO,NO
4468,2022-05-06,MANDY,CANINO,LABRADOR,2009-02-08,,H,SI,SANTIAGO CASTILLO,ANIBAL GARCIA,2,NO,,CANINO,LABRADOR,H,SI,NS,08.02.2009,2022-05-06 00:00:00,2,NO,NO
4469,2022-05-07,KANGU,FELINO,CRIOLLO,2021-07-01,4.0,M,SI,SHIRLY CORTEZ,ERWIN RESTREPO,1,NO,,FELINO,CRIOLLO,M,SI,4,01.07.2021,2022-05-07 00:00:00,1,NO,NO
4470,2022-05-07,EMMA,CANINO,BULL DOG,2016-03-22,,H,SI,NATALIA DIAZ,ANIBAL GARCIA,2,SI,,CANINO,BULL DOG,H,SI,NS,22.03.2016,2022-05-07 00:00:00,2,SI,NO
4471,2022-05-09,LINCON,CANINO,SCHNAUZER,2012-01-01,10.8,M,SI,DANA RINCON,ANIBAL GARCIA,1,NO,,CANINO,SHNAUZER,M,SI,10.8,01.01.2012,2022-05-09 00:00:00,1,NO,NO
4472,2022-05-09,ROCKO,CANINO,POMERANIO,2021-10-01,,M,NO,JHON FREDY,JUAN CAMILO,2,SI,,CANINO,POMERANIO,M,NO,NS,01.10.2021,2022-05-09 00:00:00,2,SI,NO
4473,2022-05-09,JOE,CANINO,FRENCH POODLE,2016-01-01,10.0,M,SI,ANGELA BARRETO,ERWIN RESTREPO,2,SI,,CANINO,FRENCH,M,SI,10,01.01.2016,2022-05-09 00:00:00,2,SI,NO
4474,2022-05-10,MAYA,CANINO,CRIOLLO,2022-01-01,,H,,LUZ AIDA TOSCANO,RUBEN GOMEZ,2,SI,,CANINO,CRIOLLO,H,NS,NS,01.01.2022,2022-05-10 00:00:00,2,SI,NO
4475,2022-05-10,PIRATA ,CANINO,FRENCH POODLE,2007-01-01,6.0,H,NO,YURANY PEÑUELO,DR ERWIN,1,NO,,CANINO,FRENCH,H,NO,6,01.01.2007,2022-05-10 00:00:00,1,NO,NO
4476,2022-05-11,TONY,CANINO,SCHNAUZER,2013-05-01,8.9,M,SI,JUAN SEBASTIAN MUÑOZ,MAIRA GARCIA,2,SI,,CANINO,SCHNAUZER,M,SI,8.9,01.05.2013,2022-05-11 00:00:00,2,SI,NO
4477,2022-05-11,ASLAN,CANINO,MESTIZO,2015-01-01,10.6,M,,PAOLA ROJAS,DRA MAIRA,1,NO,,CANINO,MESTIZO,M,,10.6,01.01.2015,2022-05-11 00:00:00,1,NO,NO
4478,2022-05-11,NINO,CANINO,GOLDEN,2008-05-05,32.2,M,NO,RENE ABELLO,ANDRES RUIZ,2,SI,,CANINO,GOLDEN,M,NO,32.2,05.05.2008,2022-05-11 00:00:00,2,SI,NO
4479,2022-05-12,NINI,CANINO,FRENCH POODLE,2014-01-01,12.0,H,,LUZ MARY MURILLO,EDGAR ORDOÑEZ,1,NO,,CANINO,FRENCH,H,,12,01.01.2014,2022-05-12 00:00:00,1,NO,NO
4480,2022-05-13,DANDY,CANINO,SHIH TZU,2021-01-01,12.0,M,NO,CARLOS  HERNANDEZ,ANDRES RUIZ,2,NO,,CANINO,SHIH TZU,M,NO,12,01.01.2021,2022-05-13 00:00:00,2,NO,NO
4481,2022-05-13,SOL ,CANINO,FRENCH POODLE,2007-01-01,6.8,H,,MARTHA CUESTA,DRA MAIRA GARCIA,2,NO,,CANINO,FRENCH,H,NS,6.8,01.01.2007,2022-05-13 00:00:00,2,NO,NO
4482,2022-05-14,JACOBO,CANINO,GOLDEN,2012-01-01,32.0,M,,STHEFANY ÑAÑE,DRA LIGIA GARCIA,2,SI,,CANINO,GOLDEN,M,NS,32,01.01.2012,14/05/2022,2,SI,NO
4488,2022-05-14,GOLDBERG,CANINO,COCKER,2014-01-01,12.0,M,,ROSMARY CABALLERO,DRA ADRIANA OSORNO,2,SI,,CANINO,COCKER,M,NS,12,01.01.2014,2022-05-14 00:00:00,2,SI (04443),NO
4484,2022-05-14,SAM,CANINO,GOLDEN,2012-01-01,33.8,M,,CARLOS CASTILLO,DR ANIBAL GARCIA,2,NO,,CANINO,GOLDEN,M,NS,33.8,01.01.2012,2022-05-14 00:00:00,2,NO,NO
4485,2022-05-14,BEBE,CANINO,SHIH TZU,2022-04-01,,H,NO,SANDRA ABONDANO,ERWIN RESTREPO,2,SI,,CANINO,SHIT ZU,H,NO,,01.04.2022,2022-05-14 00:00:00,2,SI,NO
4486,2022-05-14,ROMEO,FELINO,MESTIZO,2016-01-01,2.0,M,SI,MARCELA NIVIA,ERWIN RESTREPO,,NO,,FELINO,MESTIZO,M,SI,2,01.01.2016,2022-05-14 00:00:00,NS,NO,NO
4487,2022-05-16,MANCHAS,CANINO,CRIOLLO,2021-06-01,9.8,H,SI,JUAN PABLO CAMARGO,EDGAR ORDOÑEZ,2,NO,,CANINO,CRIOLLO,H,SI,9.8,01.06.2021,2022-05-16 00:00:00,2,NO,NO
4483,2022-05-16,KATY,CANINO,PASTOR INGLES,2020-05-01,20.0,H,SI,JOSE ROMERO,RAFAEL TORRES,1,NO,,CANINO,PASTOR INGLES,H,SI,20,01.05.2020,2022-05-16 00:00:00,1,NO,NO
4489,2022-05-16,FORTUNA,CANINO,PINSCHER,2010-01-01,3.2,H,NO,LINA MARIA ZARATE,ANIBAL GARCIA,1,NO,,CANINO,PINCHER,H,NO,3.2,01.01.2010,2022-05-16 00:00:00,1,NO,NO
4490,2022-05-17,JIBA,CANINO,FRENCH POODLE,2016-01-01,10.0,H,SI,PILAR GARCIA,JAIME VEGA,1,NO,,CANINO,FRENCH,H,SI,10,01.01.20169,2022-05-17 00:00:00,1,NO,NO
4491,2022-05-17,TONY,CANINO,GOLDEN,2014-11-22,36.5,M,SI,GUSTAVO ROJAS,VET MOTAS Y MASCOTAS,1,NO,,CANINO,GOLDEN,M,SI,36.5,2014-11-22 00:00:00,2022-05-17 00:00:00,1,NO,NO
4492,2022-05-18,LUNA,CANINO,FRNECH POODLE,2021-10-01,6.4,H,NO,CATALINA ROJAS,RUBEN GOMEZ,2,SI,,CANINO,FRNECH POODLE,H,NO,6.4,01.10.2021,2022-05-18 00:00:00,2,SI,NO
4493,2022-05-19,APOLO,CANINO,CRIOLLO,2021-11-10,8.0,M,SI,TATIANA FONSECA,ANIBAL GARCIA,2,NO,,CANINO,CRIOLLO,M,SI,8,10.11.2021,2022-05-19 00:00:00,2,NO,NO
4494,2022-05-19,GATO,FELINO,CRIOLLO,2010-11-07,6.0,M,SI,PAULA ANDREA MORENO,ERWIN RESTREPO,1,NO,,FELINO,CRIOLLO,M,SI,6,07.11.2010,2022-05-19 00:00:00,1,NO,NO
4495,2022-05-20,MAMBO,FELINO,CRIOLLO,2021-05-01,3.8,M,SI,NATALIA AGUIRRE,MARIBEL MUÑOZ,1,NO,,FELINO,CRIOLLO,M,SI,3.8,01.05.2021,2022-05-20 00:00:00,1,NO,NO
4496,2022-05-21,MOTAS,CANINO,FRENCH POODLE,2006-01-01,11.0,M,SI,JOHANA PUERTO ,ADRIANA OSORNO,2,SI,,CANINO,FRENCH POODLE,M,SI,11,01.01.2006,2022-05-21 00:00:00,2,SI,NO
4497,2022-05-21,THOR,CANINO,SCHNAUZER,,11.6,M,SI,SARA BICHE,ADRIANA OSORNO,2,NO,,CANINO,SCHNAUZER,M,SI,11.6,01.05.20,2022-05-21 00:00:00,2,NO,NO
4498,2022-05-21,TOMY,FELINO,CRIOLLO,2020-06-02,5.0,M,SI,FANY MORALES ,JUAN PABLO ORTIZ,2,SI,,FELINO,CRIOLLO,M,SI,5,02.06.2020,2022-05-21 00:00:00,2,SI,NO
4499,2022-05-23,SANSON,CANINO,FRENCH POODLE,2012-02-12,6.8,M,SI,MARTA SALINAS,ANIBAL GARCIA,1,NO,,CANINO,FRENCH POODLE,M,SI,6.8,2012-02-12 00:00:00,2022-05-23 00:00:00,1,NO,NO
4500,2022-05-24,RUDOLF,CANINO,SAHUESO,2016-01-01,44.6,M,SI,GLORIS SOTELO,ANIBAL GARCIA,1,NO,,CANINO,SAHUESO,M,SI,44.6,2016-01-01 00:00:00,2022-05-24 00:00:00,1,NO,NO
4501,2022-05-24,TITO,CANINO,SCHNAUZER,2010-01-01,7.0,M,NO,ANA VERGEL,LISETH BURGOS,2,SI,,CANINO,SHNAUZER,M,NO,7,2010-01-01 00:00:00,2022-05-24 00:00:00,2,SI,NO
4502,2022-05-24,SACHA,CANINO,PINSCHER,2010-10-05,3.6,H,NO,OLGA LILIANA MELO,ANIBAL GARCIA,1,NO,,CANINO,PINSCHER,H,NO,3.6,2010-10-05 00:00:00,2022-05-24 00:00:00,1,NO,NO
4503,2022-05-24,TOBY,CANINO,PINSCHER,2014-01-01,,M,NO,SEBASTIAN LONDOÑO,ERWIN RESTREPO,2,SI,,CANINO,PINCHER,M,NO,NS,2014-01-01 00:00:00,2022-05-24 00:00:00,2,SI,NO
4504,2022-05-26,FELIX PANCRACIO,FELINO,CRIOLLO,2020-03-01,6.0,M,SI,ADRI9ANA MARCELA OSORNO,ADRIANA MARCELA OSORNO,1,NO,,FELINO,CRIOLLO,M,SI,6,01.03.2020,2022-05-26 00:00:00,1,NO,NO
4505,2022-05-27,BIGI,CANINO,CRIOLLO,2021-12-23,20.0,M,NO,MIGUEL SAMACA,ERWIN RESTREPO,2,SI,,CANINO,CRIOLLO,M,NO,20,23.12.2021,2022-05-27 00:00:00,2,SI,NO
4506,2022-05-27,GATIAS,FELINO,CRIOLLO,2008-05-01,5.6,M,SI,GLORIA CRISTANCHO,MARIBEL MUÑOZ,2,SI,,FELINO,CRIOLLO,M,SI,5.6,01.05.2008,2022-05-27 00:00:00,2,SI,NO
4507,2022-05-27,MILU,CANINO,CRIOLLO,2017-01-01,13.9,H,SI,JUAN PABLO URREGO,RUBEN GOMEZ,2,SI,,CANINO,CRIOLLO,H,SI,13.9,01.01.2017,2022-05-27 00:00:00,2,SI,NO
4508,2022-05-27,DARY,CANINO,FRENCH POODLE,2009-12-24,,H,NO,CECILIA GARZON,FRANCISCO SARMIENTO,1,NO,,CANINO,FRENCH POODLE,H,NO,,24.12.2009,2022-05-27 00:00:00,1,NO,NO
4509,2022-05-27,ALASKA,CANINO,MESTIZO,2021-01-01,14.0,H,NO,SEBASTIAN RODRIGUEZ,JAIME VEGA,2,SI,,CANINO,MESTIZO,H,NO,14,01.01.2021,2022-05-27 00:00:00,2,SI,NO
4510,2022-05-27,LULU,FELINO,CRIOLLO,2003-05-01,2.0,H,NO,INGRID PRIETO,"JUAN CARLOS, MATEOS",2,SI,,FELINO,CRIOLLO,H,NO,2,01.05.2003,2022-05-27 00:00:00,2,SI,NO
4511,2022-05-28,DOBBY,CANINO,CRIOLLO,2015-09-01,22.4,M,SI,PAULA GARCIA,YESID RODRIGUEZ,2,SI,,CANINO,CRIOLLO,M,SI,22.4,2015-09-01 00:00:00,2022-05-28 00:00:00,2,SI,NO
4512,2022-05-28,EURO,FELINO,CRIOLLO,2019-05-01,5.6,M,SI,MARLEN RIVERA,JUAN PABLO ORTIZ,1,NO,,FELINO,CRIOLLO,M,SI,5.6,01.05.2019,2022-05-28 00:00:00,1,NO,NO
4513,2022-05-31,HORUS,FELINO,CRIOLLO,2019-02-12,4.2,H,SI,SANDRA ORTIZ,LUIS CARLOS SILVA,2,SI,,FELINO,CRIOLLO,H,SI,4.2,12.02.2019,2022-05-31 00:00:00,2,SI,NO
4514,2022-05-31,MOTA,CANINO,SCHNAUZER,2007-01-01,,M,SI,ALVARO SOLANO,ANIBAL GARCIA,2,NO,,CANINO,SHNAUZER,M,SI,NS,01.01.2007,2022-05-31 00:00:00,2,NO,NO
4515,2022-05-31,ANTONIA,FELINO,,2019-01-01,6.4,H,SI,CONSUELO CHAVARRO,CUATRO PATAS,3,SI,,FELINO,FELINO,H,SI,6.4,01.01.2019,2022-05-31 00:00:00,3,SI,NO
4516,2022-05-31,LIMON,FELINO,MESTIZO,2019-01-01,4.0,M,SI,LISETH RONCANCIO,ERWIN RESTREPO,1,NO,,FELINO ,MESTIZO,M,SI,4,01.01.2019,2022-05-31 00:00:00,1,NO,NO
4517,2022-05-31,NOAH,CANINO,PASTOR COLLIE,2020-05-20,28.2,M,,MANUEL GOMEZ,RUBEN GOMEZ,2,SI,,CANINO,PASTOR COLLIE,M,SNO,28.2,20.05.2020,2022-05-31 00:00:00,2,SI,NO
4518,2022-06-01,MAX,CANINO,GOLDEN,2013-01-01,39.2,M,SI,OCTAVIO PIEDRAEDITA,DR JUAN PABLO,3,SI,,CANINO,GOLDEN,M,SI,39.2,01.01.2013,2022-06-01 00:00:00,3,SI,NO
4519,2022-06-02,COCO,CANINO,FRENCH POODLE,2020-01-01,5.2,M,NO,INGRID DIAZ,JAIME VEGA,,,,CANINO,FRENCH,M,NO,5.2,01.01.2020,2022-06-02 00:00:00,,,NO
4520,2022-06-02,NALA,CANINO,GOLDEN,2016-01-01,32.0,H,,DAVIS WUALTEROS,JUAN PABLO,2,SI,,CANINO,GOLDEN,H,NS,32,01.01.2016,2022-06-02 00:00:00,2,SI,NO
4521,2022-06-03,ALVIN,CANINO,FRENCH POODLE,2010-03-23,6.4,M,SI,VANESSA PALACIOS,SANDRA TORRES,4,SI,,CANINO,FRENCH POODLE,M,SI,6.4,23.03.2010,2022-06-03 00:00:00,4,SI,NO
4522,2022-06-03,LENNY,FELINO,CRIOLLO,2016-12-23,7.0,M,,ANDREA MARTINEZ,ERWIN ,1,NO,,FELINO,CRIOLLO,M,NS,7,23.12.2016,2022-06-03 00:00:00,1,NO,NO
4523,2022-06-03,LULU,CANINO,CRIOLLO,2010-10-20,10.6,H,SI,DANIELA RODAS,VET MATEOS,2,SI,,CANINO,CRIOLLO,H,SI,10.6,20.10.2010,2022-06-03 00:00:00,2,SI,NO
4524,2022-06-03,MUÑECA,CANINO,CRIOLLO,2016-01-01,19.2,H,SI,FERNANDO CADENA,JAIME VEGA,1,NO,,CANINO,CRIOLLO,H,SI,19.2,01.01.2016,2022-06-03 00:00:00,1,NO,NO
4525,2022-06-03,DULCE,CANINO,PASTOR ALEMAN,2013-01-01,,H,SI,FERNANDO CADENA,JAIME VEGA,2,SI,,CANINO,PASTOR ALEMAN,H,SI,NS,01.01.2013,2022-06-03 00:00:00,2,SI,NO
4526,2022-06-03,PITI,CANINO,FRENCH POODLE,2008-01-01,,H,SI,MARIA CRUZ PAGUAY,JAIME VEGA,1,NO,,CANINO,FRENCH POODLE,H,SI,NS,01.01.2008,2022-06-03 00:00:00,1,NO,NO
4527,2022-06-04,REBECA,FELINO,CRIOLLO,2013-01-01,4.3,H,SI,YURANI CASTAÑEDA,VET. MATEOS,2,NO,,FELINO,CRIOLLO,H,SI,4.3,01.01.2013,2022-06-04 00:00:00,2,NO,NO
4528,2022-06-06,LINDA,CANINO,GOLDEN,2016-01-01,32.0,H,SI,AMPARO DUARTO,DR DANIEL MARTINEZ,,NO,,CANINO,GOLDEN,H,SI,32,01.01.2016,2022-06-06 00:00:00,NS,NO,NO
4529,2022-06-06,AMAPOLA,CANINO,FRENCH POODLE,2021-01-01,4.4,H,,DANIELA MEDINA,ERWIN RESTREPO,2,NO,,CANINO,FRENCH,H,,4.4,01.01.2021,2022-06-06 00:00:00,2,NO,NO
4530,2022-06-06,KIARA,CANINO,SHIH TZU,2019-01-01,6.0,H,NO,DORIS REAL,DR ANIBAL GARCIA,1,NO,,CANINO,SHIT ZU,H,NO,6,01.01.2019,2022-06-06 00:00:00,1,NO,NO
4531,2022-06-07,TESLA,FELINO,CRIOLLO,2019-06-02,4.0,H,SI,FLOR VERA,VET MATEOS ,1,NO,,FELINO,CRIOLLO,H,SI,4,02.06.2019,2022-06-07 00:00:00,1,NO,NO
4532,2022-06-07,AMARILLO,CANINO,CRIOLLO,2015-12-01,26.8,M,SI,SEBASTIAN SALAZAR,ANDRES RUIZ,2,NO,,CANINO,CRIOLLO,M,SI,26.8,01.12.2015,2022-06-07 00:00:00,2,NO,NO
4533,2022-06-07,ATHENA,CANINO,PIT BULL,2021-01-01,25.0,M,NO,ESTEFANIA CADENA,RICARDO GOMEZ,2,NO,,CANINO,PIT BULL,M,NO,25,01.01.2021,2022-06-07 00:00:00,2,NO,NO
4534,2022-06-09,BONITA,CANINO,MESTIZO,2012-01-01,27.0,H,SI,HELENA VELEZ,RIGOBERTO MEJIA,2,SI,,CANINO,MESTIZO,H,SI,27,01.01.2012,2022-06-09 00:00:00,2,SI,NO
4548,2022-06-09,BAMBAM,CANINO,YORKY SHIRE TERRIER,2009-01-01,5.0,M,SI,PILAR BAQUERO,JAIME VEGA,1,NO,,CANINO,YORKY SHIRE,M,SI,5,01.01.2009,2022-06-09 00:00:00,1,NO,NO
4549,2022-06-10,NALA MONTAÑA,CANINO,BORDER COLLIE,2019-01-01,18.0,H,NO,OSCAR MONTAÑA,ERWIN RESTREPO,2,SI,,CANINO,BORDER COLLIE,H,NO,18,2019-01-01 00:00:00,2022-06-10 00:00:00,2,SI,NO
4551,2022-06-11,PININA,CANINO,FRENCH POODLE,2020-11-01,4.0,H,NO,PAULA ALVARADO,ANDRES RUIZ,2,NO,,CANINO,FRENCH POODLE,H,NO,4,01.11.2020,2022-06-11 00:00:00,2,NO,NO
4552,2022-06-11,TUPAC,CANINO,AMERICAN BULLY,,19.8,M,NO,JUAN PABLO CHICA,ALEJANDRO PUERTA ,2,NO,,CANINO,BULLY,M,NO,19.8,"01.10,2021",2022-06-11 00:00:00,2,NO,NO
4553,2022-06-11,PANCHA,FELINO,CRIOLLO,2014-04-01,3.1,H,SI,SANTIANGO ANGEL,JAIME VEGA,1,NO,,FELINO,CRIOLLO,H,SI,3.1,01.04.2014,2022-06-11 00:00:00,1,NO,NO
4554,2022-06-11,WANDA,FELINO,CRIOLLO,2020-12-01,3.0,H,SI,MARIO CINTRERAS,LUIS CARLOS DIAZ GUZMAN,2,NO,,FELINO,CRIOLLO,H,SI,3,01.12.2020,2022-06-11 00:00:00,2,NO,NO
4555,2022-06-11,MAX,CANINO,MESTIZO,2016-01-01,30.0,M,SI,DIANA ALVAREZ,ERWIN RESTREPO,2,SI,,CANINO,MESTIZO,M,SI,30,2016-01-01 00:00:00,2022-06-11 00:00:00,2,SI,NO
4556,2022-06-13,COCO,CANINO,FRENCH POODLE,,8.6,M,NO,BLANCA URREA,MARIBEL MUÑOZ,2,SI,,CANINO,FRENCH,M,NO,8.6,01/01.2014,2022-06-13 00:00:00,2,SI,NO
4557,2022-06-13,TONA,CANINO,MESTIZO,2006-01-01,20.0,H,SI,ANGELA DIAZ,DRA LISETH BURGOS,1,NO,,CANINO,MESTIZO,H,SI,20,2006-01-01 00:00:00,2022-06-13 00:00:00,1,NO,NO
4558,2022-06-13,KEITTY,CANINO,COCKER,2010-01-01,6.0,H,SI,PAULA SPULVEDA,RUBEN GOMEZ,1,NO,,CANINO,COCKER,H,SI,6,01.01.2010,2022-06-13 00:00:00,1,NO,NO
4559,2022-06-13,SAMMY,FELINO,CRIOLLO,2015-07-15,4.2,H,,KATHERINE NIETO,ERWIN RESTREPO,1,NO,,FELINO,CRIOLLO,H,NS,4.2,15.07.2015,2022-06-13 00:00:00,1,NO,NO
4560,2022-06-13,SUSY,FELINO,CRIOLLO,2017-06-11,,H,,LINA CASTAÑEDA,ERWIN RESTREPO,1,NO,,FELINO,CRIOLLO,H,NS,NS,11.06.2017,2022-06-13 00:00:00,1,NO,NO
4561,2022-06-14,BOBY,FELINO,CRIOLLO,2008-03-01,7.4,M,SI,LIGIA HUERTAS,ANIBAL GARCIA,1,NO,,FELINO,CRIOLLO,M,SI,7.4,01.03.2008,2022-06-14 00:00:00,1,NO,NO
4562,2022-06-14,JUANES,CANINO,SCHNAUZER,2010-01-02,8.4,M,NO,MARTHA ORTIZ,JAIME VEGA,2,SI,3112101288,CANINO,SCHNAUZER,M,NO,8.4,02.01.2010,2022-06-14 00:00:00,2,SI,3112101288
4563,2022-06-14,NIÑA,FELINO,CRIOLLO,2015-01-01,4.0,H,SI,KATHERINE ORTIZ,ERWIN RESTREPO,1,NO,,FELINO,CRIOLLO,H,SI,4,01.01.2015,2022-06-14 00:00:00,1,NO,NO
4564,2022-06-14,PEPITA,CANINO,FRENCH POODLE,2010-01-01,10.0,H,SI,CAMILA VELAZCO,ADRIANA OSORNO,1,NO,,CANINO,FRECH,H,SI,10,01.01.2010,2022-06-14 00:00:00,1,NO,NO
4565,2022-06-15,MAYDEN,CANINO,LABRADOR,2008-01-01,25.4,H,NO,MONICA CORTES,JAIME VEGA,1,NO,,CANINO,LABRADOR,H,NO,25.4,01.01.2008,2022-06-15 00:00:00,1,NO,NO
4566,2022-06-16,KIRA,CANINO,MESTIZO,2009-01-01,20.0,H,SI,MAICOL ,DR JULIO CESAR,1,NO,,CANINO,MESTIZO,H,SI,20,01.01.2009,2022-06-16 00:00:00,1,NO,NO
4567,2022-06-16,ROCKY,CANINO,COCKER,2019-01-01,11.4,M,SI,VIVIANA AYALA,DR JAIME VEGA,2,NO,,CANINO,COCKER,M,SI,11.4,01.01.2019,2022-06-16 00:00:00,2,NO,NO
4568,2022-06-16,BALO,FELINO,MESTIZO,2019-01-01,4.9,M,SI,VIVIANA ZAPATA,DRA MAIRA GARCIA,2,SI,,FELINO,MESTIZO,M,SI,4.9,01.01.2019,2022-06-16 00:00:00,2,SI,NO
4569,2022-06-18,TONY,CANINO,CHIHUAHUA,2012-01-01,4.8,M,NO,SAMUEL ESPINOSA,JAIME VEGA ,1,NO,,CANINO,CHIHUAHUA,M,NO,4.8,01.01.2012,2022-06-18 00:00:00,1,NO,NO
4570,2022-06-18,MOTAS,CANINO,POMERANIA,2010-01-01,9.1,M,NO,MARGARITA MAHECHA,JUAN PABLO ORTIZ,2,SI,,CANINO,POMERANIA,M,NO,9.1,01.01.2010,2022-06-18 00:00:00,2,SI,NO
4571,2022-06-18,CANELA,CANINO,CRIOLLO,2011-09-01,35.4,H,SI,YADIRA PAEZ,ERWIN RETREPO,1,NO,,CANINO,CRIOLLO,H,SI,35.4,01.09.2011,2022-06-18 00:00:00,1,NO,NO
4572,2022-06-18,ZEUS,FELINO,CRIOLLO,2019-01-01,3.0,M,SI,MIGUEL MUÑOZ,ERWIN RESTREPO,1,NO,,FELINO,CRIOLLO,M,SI,3,01.01.2019,2022-06-18 00:00:00,1,NO,NO
4573,2022-06-18,NIEVE,FELINO,CRIOLLO,2018-01-01,3.5,H,SI,VIVIANA PEÑUELA,MATEOS,1,NO,,FELINO,CRIOLLO,H,SI,3.5,01.01.2018,2022-06-18 00:00:00,1,NO,NO
4574,2022-06-21,PINKY,CANINO,CRIOLLO,2012-09-13,4.9,M,NO,ERMILA GUERRERO,MAIRA GARCIA,1,NO,,CANINO,CRIOLLO,M,NO,4.9,13.09.2012,2022-06-21 00:00:00,1,NO,NO
4577,2022-06-22,ROCKY,CANINO,SIBERIANO,2022-04-09,,M,NO,NATALIA CASTELLANOS,ERWIN RESTREPO,1,NO,,CANINO,SIBERIANO,M,NO,NS,09.04.2022,2022-06-22 00:00:00,1,NO,NO
4578,2022-06-22,DARKA,CANINO,CRIOLLO,2013-01-01,26.0,H,SI,NIXON CHITIVA,MARTHA ROMERO,2,SI,,CANINO,CRIOLLO,H,SI,26,01.01.2013,2022-06-22 00:00:00,2,SI,NO
4579,2022-06-22,MINNIE,CANINO,PINSCHER,2009-09-14,6.0,H,SI,ANDREA CUERVO,LUISA VARGAS,2,SI,,CANINO,PINSCHER,H,SI,6,14.09.2009,2022-06-22 00:00:00,2,SI,NO
4580,2022-06-22,ARGUS,FELINO,CRIOLLO,2021-03-01,4.2,M,NO,SEBASTIAN HERRERA,NATALIA UTRERA,2,SI,,FELINO,CRIOLLO,M,NO,4.2,01.03.2021,2022-06-22 00:00:00,2,SI,NO
4581,2022-06-22,ISIS,FELINO,MESTIZO,2014-01-01,,H,,INGRID LOAISA,MARCELA MEJIA,2,NO,,FELINO,MESTIZO,H,NS,NS,01.01.2014,2022-06-22 00:00:00,2,NO,NO
4582,2022-06-22,MUNCHIS,CANINO,SCHNAUZER,2009-08-09,,M,SI,DANIEL HERRERA,ERWIN RESTREPO,1,NO,,CANINO,SCHNAUZER,M,SI,NS,09.08.2009,2022-06-22 00:00:00,1,NO,NO
4583,2022-06-23,SALLY,CANINO,SCHNAUZER,2011-01-01,6.0,H,SI,ROSAURA MELO,DANIEL MENDIETA,2,SI,,CANINO,CHANAUZER,H,SI,6,01.01.2011,2022-06-23 00:00:00,2,SI,NO
4584,2022-06-23,LUNA,CANINO,BEAGLE,2016-02-12,15.0,H,SI,CAUDIA MARTINEZ,VET MATEOS,1,NO,,CANINO,BEAGLE,H,SI,15,12.02.2016,2022-06-23 00:00:00,1,NO,NO
4585,2022-06-23,LULU,CANINO,FRENCH POODLE,2013-01-01,8.0,H,SI,BLANCA MORENO,ANIMALS HELP,1,NO,,CANINO,FRENCH POODLE,H,SI,8,01.01.2013,2022-06-23 00:00:00,1,NO,NO
4587,2022-06-24,MICKY,FELINO,CRIOLLO,2022-03-01,,M,NO,FANY RODRIGUEZ,JAIME VEGA ,1,NO,,FELINO,CRIOLLO,M,NO,NS,01.03.2022,2022-06-24 00:00:00,1,NO,NO
4588,2022-06-24,AMAPOLA,CANINO,CRIOLLO,2019-01-01,18.0,H,SI,CATALIA BASTIAS,DR ALEJANDRO PUERTA,2,NO,,CANINO,CRIOLLO,H,SI,18,01.01.2019,2022-06-24 00:00:00,2,NO,NO
4589,2022-06-25,MUÑECA,CANINO,FRENCH POODLE,2011-06-01,6.6,H,SI,CECILIA CASTAÑEDA,RAFAEL TORRES,3,SI,3023772027,CANINO,FRENCH POODLE,H,SI,6.6,01.06.2011,2022-06-25 00:00:00,3,SI,3023772027
4595,2022-06-28,LOCKY,CANINO,FRENCH POODLE,2017-02-14,6.2,M,SI,MARIANA CORTES,ANDRES RUIZ,2,SI,,CANINO,FRENCH POODLE,M,SI,6.2,14.02.2017,2022-06-28 00:00:00,2,SI,NO
4596,2022-06-28,NINA,FELINO,CRIOLLO,2018-06-01,3.4,H,SI,PAUL RODRIGUEZ,ANDRES RUIZ,2,SI,,FELINO,CRIOLLO,H,SI,3.4,01.06.2018,2022-06-28 00:00:00,2,SI,NO
4592,2022-06-30,PRINCESA,CANINO,,2013-01-01,30.0,H,SI,MARIA CAMILA SIERRA,ERWIN RESTREPO,1,NO,,CANINO,CANINO,H,SI,30,01.01.2013,2022-06-30 00:00:00,1,NO,NO
4593,2022-06-30,MIA,CANINO,PISNCHER,2022-01-01,4.0,H,,SANDRA PATIÑO,WALTER BERCENAS,2,SI,,CANINO,PISNCHER,H,NS,4,01.01.2022,2022-06-30 00:00:00,2,SI,NO
4591,2022-07-01,MICHIN,FELINO,CRIOLLO,2012-01-01,4.0,M,NO,FANY,DANIEL MENDIETA,1,NO,,FELINO,CRIOLLO,M,NO,4,01.01.2012,2022-07-01 00:00:00,1,NO,NO
4590,2022-07-02,MAX,CANINO,BULL TERRIER,2014-01-01,32.0,M,SI,ESTEFANIA CASTRO,MARIA TERESA GACHARNA ,2,SI,3123093900,CANINO ,BULL TERRIER,M,SI,32,01.01.2014,2022-07-02 00:00:00,2,SI,3123093900
4597,2022-07-02,NIÑA,CANINO,FRENCH POODLE,2012-01-01,5.2,H,NO,NATALIA CHACON,DRA MARIBEL MUÑOZ,2,SI,3156085941,CANINO,FRENCH,H,NO,5.2,01.01.2012,2022-07-02 00:00:00,2,SI,3156085941
4594,2022-07-05,ROLO,FELINO,MESTIZO,2021-01-01,,M,NO,LUZ ANDREA,DRA MAIRA,1,NO,,FELINO,MESTIZO,M,NO,,01.01.2021,2022-07-05 00:00:00,1,NO,NO
4598,2022-07-02,TOBY,CANINO,PINSCHER,2017-01-01,8.0,M,NO,ANDRES FELIPE,DRA LIGIA GARCIA,2,SI,,CANINO,PINCHER,M,NO,8,01.01.2017,2022-07-02 00:00:00,2,SI,NO
4599,2022-07-05,SIMBA,FELINO,PERSA,2021-05-12,4.0,M,SI,JULIETH LOPEZ,DRA MAIRA GARCIA,2,SI,,FELINO,PERSA,M,SI,4,12.05.2021,2022-07-05 00:00:00,2,SI,NO
4600,2022-07-05,KEANU,CANINO,SCHNAUZER,2010-04-01,6.0,M,NO,SANDRA ORTEGA,MATEOS,2,NO,,CANINO,SCHNAUZER,M,NO,6,01.014.2010,2022-07-05 00:00:00,2,NO,NO
4601,2022-07-06,POLO,CANINO,PASTOR GANADERO,2014-01-01,26.9,M,NO,VIVIANA ANGEL,DR RUBEN GOMEZ,1,SI,,CANINO,PASTOR GANADERO,M,NO,26.9,01.01.2014,2022-07-06 00:00:00,1,SI,NO
4602,2022-07-06,JUPITER,CANINO,PIT BULL,2016-06-01,28.0,M,SI,MARIA PAULA LOPEZ,RAFAEL TORRES,2,SI,3112248627,CANINO,PIT BULL,M,SI,28,01.06.2016,2022-07-06 00:00:00,2,SI,3112248627
4603,2022-07-07,CHARLIE,CANINO,FRENCH POODLE,2012-01-01,4.0,M,NO,MARIA ALEJANDRA ALVAREZ,DR JAIME VEGA,2,SI,,CANINO,FRENCH,M,NO,4,01.01.2012,2022-07-07 00:00:00,2,SI,NO
4604,2022-07-07,TINA,CANINO,PUG,2009-11-06,8.2,H,SI,ANIBAL TARAZONA,DR. JULIO CESAR DUARTE,2,SI,,CANINO,PUG,H,SI,8.2,06.11.2009,2022-07-07 00:00:00,2,SI,NO
4605,2022-07-07,KATY,CANINO,SCHNAUZER,2008-01-01,6.0,H,SI,FRANCISCO HERNANDEZ ,ERWIN RESTREPO,2,SI,,CANINO,SCHNAUZER,H,SI,6,01.01.2008,2022-07-07 00:00:00,2,SI,NO
4606,2022-07-08,NIÑO,CANINO,CRIOLLO,2018-01-01,16.0,M,NO,FERNANDO ESCOBAR,JUAN PABLO ORTIZ,4,SI,,CANINO,CRIOLLO,M,NO,16,01.01.2018,2022-07-08 00:00:00,4,SI,NO
4607,2022-07-09,KIRA,FELINO,RUSO AZUL,2017-01-01,5.0,H,,INDIRA SANZ,"DRA, EDI LOZANO",2,SI,,FELINO,RUSO AZUL,H,NS,5,01.01.2017,2022-07-09 00:00:00,2,SI,NO
460,2022-07-09,ASHA,CANINO,PITBULL,2017-03-28,33.3,H,NO,EDUARDO RAMIREZ,MATEOS,2,SI,,CANINO,PITBULL,H,NO,33.3,28.03.2017,2022-07-09 00:00:00,2,SI,NO
4608,2022-07-09,THOR,CANINO,BULL DOG FRANCES,2018-07-01,9.2,M,NO,GIRALDO,PAKKOS,1,NO,,CANINO,BULL DOG FRANCES,M,NO,9.2,01.07.2018,2022-07-09 00:00:00,1,NO,NO
4609,2022-07-09,ZEUS,CANINO,BULL DOG INGLES,2013-01-01,30.0,M,NO,PAULA GONZALEZ,JUAN CAMILO TRUJILLO,2,SI,,CANINO,BULL DOG INGLES,M,NO,30,01.01.2013,2022-07-09 00:00:00,2,SI,NO
4611,2022-07-09,TOBY,CANINO,LABRADOR,2012-01-01,40.0,M,NO,MANUEL ECHEVARRÍA ,,1,,,CANINO,LABRADOR ,M,NO,40,01.01.2012,2022-07-09 00:00:00,1,,NO
4612,2022-07-09,LOKI ,CANINO,BULL DOG FRANCES,2021-04-24,13.0,M,NO,MELISSA PALENCIA,DR ANIBAL GARCIA,2,SI,,CANINO,BULLDOG FRANCES,M,NO,13,24.04.2021,2022-07-09 00:00:00,2,SI,NO
4613,2022-07-11,JEICOB,CANINO,SHIH TZU,2013-12-19,10.5,M,NO,MARIELA SANDOVAL,"DRA, MAIRA GARCIA",2,SI,,CANINO,SHIT ZU,M,NO,10.5,19.12.2013,2022-07-11 00:00:00,2,SI,NO
4614,2022-07-11,CONY,CANINO,COCKER,2012-01-01,14.9,H,SI,TRINIDAD ROMERO,DRA. MAIRA GARCIA,1,NO,,CANINO,COCKCKER,H,SI,14.9,01.01.2012,2022-07-11 00:00:00,1,NO,NO
4615,2022-07-12,HOLLY,CANINO,CRIOLLO,2018-07-01,11.0,H,SI,ALEJANDRA VELEZ,ANDRES RUIZ,2,SI,,CANINO,CRIOLLO,H,SI,11,01.07.2018,2022-07-12 00:00:00,2,SI,NO
4616,2022-07-12,ROSE,FELINO,CRIOLLO,2014-05-25,1.8,H,SI,LAURA FERNANDEZ,ANIBAL GARCIA,1,NO,3168743939,FELINO,CRIOLLO,H,SI,1.8,25.05.2014,2022-07-12 00:00:00,1,NO,3168743939
4617,2022-07-12,BERLIN,FELINO,CRIOLLO,,3.3,M,SI,NATALIA OVALLE,JULIO CESAR DUARTE,2,SI,,FELINO,CRIOLLO,M,SI,3.3,10.062021,2022-07-12 00:00:00,2,SI,NO
4618,2022-07-13,GOOFY,CANINO,CHIHUAHUA,2012-07-01,2.8,M,NO,FAMILIA ARANGO,ADRIANA MARCELA OSORNO,2,SI,,CANINO,CHIGUAGUA,M,NO,2.8,01.07.2012,2022-07-13 00:00:00,2,SI,NO
4619,2022-07-14,POUL,CANINO,FRENCH POODLE,2013-01-01,9.0,M,SI,SILVIA BARRANTES,JULIO CESAR DUARTE,1,NO,,CANINO,FRENCH,M,SI,9,01.01.2013,2022-07-14 00:00:00,1,NO,NO
4620,2022-07-15,LUCAS,CANINO,FRENCH POODLE,2009-01-01,4.0,M,SI,ALEJANDRO BELLO,JULIO CESAR DUARTE,2,SI,,CANINO,FRENCH POODLE,M,SI,4,01.01.2009,2022-07-15 00:00:00,2,SI,NO
4621,2022-07-16,TEO,CANINO,YORKY SHIRE TERRIER,2015-11-02,5.0,M,NO,ANGELA JEREZ,JAIME VEGA ,2,NO,3156937735,CANINO,YORKY SHIRE TERRIER,M,NO,5,2015-11-02 00:00:00,2022-07-16 00:00:00,2,NO,3156937735
4622,2022-07-16,RAMON,FELINO,CRIOLLO,2021-03-23,,M,SI,LEIDY SOTO,ALEJANDRO PUERTA,2,,,FELINNNO,CRIOLLO,M,SI,,23.03.2021,2022-07-16 00:00:00,2,,
4623,2022-07-16,PABLITO,CANINO,FRENCH POODLE,2016-01-01,9.8,M,SI,MARIA HURTA,JAIME VEGA ,1,NO,,CANINO,FRENCH,M,SI,9.8,01.01.2016,2022-07-16 00:00:00,1,NO,NO
4624,2022-07-16,ALANA,CANINO,LABRADOR,2010-01-01,34.0,H,NO,KATY AVILA,ALEJANDRO PUERTA,1,NO,,CANINO,LABRADOR,H,NO,34,01.01.2010,2022-07-16 00:00:00,1,NO,NO
4625,2022-07-16,SANTORINI,FELINO,,2022-07-16,2.0,H,,PAOLA ZAMBRANO,DR JULIO CESAR DUARTE,2,SI,,FELINO,FELINO,H,NS,2,16.07.2022,2022-07-16 00:00:00,2,SI,NO
4626,2022-07-16,VALENTINA,FELINO,MESTIZO,,,H,NO,CARLOS SILVA,DR CARLOS SILVA,2,NO,,FELINO,MESTIZO,H,NO,,014.01.2016,2022-07-16 00:00:00,2,NO,NO
4627,2022-07-16,LUPE,CANINO,SCHNAUZER,2013-01-01,12.0,H,,BRAYAN TRUJILLO,ALEJANDRO PUERTA,1,NO,,CANINO,SHNAUZER,H,NS,12,01.01.2013,2022-07-16 00:00:00,1,NO,NO
4629,2022-07-18,SHOCK,CANINO,AMERICAN BULLY,2022-04-01,10.0,M,NO,SERGIO PINEDA ,JAIME VEGA ,1,NO,,CANINO,BULLY,M,NO,10,01.04.2022,2022-07-18 00:00:00,1,NO,NO
4630,2022-07-18,TORY,CANINO,SHIH TZU,2022-04-16,1.2,H,,GARZON,PAKKOS,2,NO,,CANINO,SHIH TZU,H,NS,1.2,16.04.2022,2022-07-18 00:00:00,2,NO,NO
4631,2022-07-19,LUKAS,CANINO,PINSCHER,2022-01-01,5.0,M,NO,DIANA MANTILLA,JAIME VEGA ,1,NO,,CANINO,PINCHER,M,NO,5,01.01.2022,2022-07-19 00:00:00,1,NO,NO
4632,2022-07-19,LULU,CANINO,FRENCH POODLE,2018-07-01,3.5,H,SI,ESPERANZA MALAVER ,CHANI COCKER ,2,SI,3103396906,CANINO,FRENCH POODLE,H,SI,3.5,01.07.2018,2022-07-19 00:00:00,2,SI,3103396906
4633,2022-07-19,YIYO,CANINO,SCHNAUZER,2010-01-01,9.0,M,NO,LAURA  PLAZAS,EL LADRADOR,2,SI,,CANINO,SCHNAUZER,M,NO,9,01.01.2010,2022-07-19 00:00:00,2,SI,NO
4634,2022-07-19,MOCHI ALBERTO ,FELINO,CRIOLLO,2019-01-01,4.8,M,SI,ANA AGUIRRE,EL LADRADOR,1,SI,,FELINO,CRIOLLO,M,SI,4.8,01.01.2019,2022-07-19 00:00:00,1,SI,NO
4635,2022-07-19,COKI,CANINO,CRIOLLO,2015-01-01,12.0,M,NO,CARRASCAL,PAKKOS,1,NO,,CANINO,CRIOLLO,M,NO,12,01.01.2015,2022-07-19 00:00:00,1,NO,NO
4636,2022-07-19,MONO,FELINO,CRIOLLO,2019-01-01,4.0,M,SI,JEIMY CRISTANCHO,DR JAIME VEGA,1,NO,,FELINO,CRIOLLO,M,SI,4,01.01.2019,2022-07-19 00:00:00,1,NO,NO
4637,2022-07-21,DANTE,CANINO,PASTOR ALEMAN,2022-03-01,16.0,M,NO,CLAUDIA MENDEZ,EL LADRADOR,2,SI,,CANINO,PASTOR ALEMAN,M,NO,16,01.03.2022,2022-07-21 00:00:00,2,SI,NO
4638,2022-07-21,NICO,CANINO,LABRADOR,2012-01-01,,M,NO,DAVID TORRES,DR ERWIN RESTREPO,1,NO,,CANINO,LABRADOR,M,NO,NS,01.01.2012,2022-07-21 00:00:00,1,NO,NO
4639,2022-07-22,YUYO,CANINO,PINSCHER,2019-07-01,2.0,M,NO,MIGUEL DELGADO,JUAN CAMILO TRUJILLO,2,NO,,CANINO,PINSCHER,M,NO,2,01.07.2019,2022-07-22 00:00:00,2,NO,NO
4640,2022-07-23,MÁXIMO ,CANINO,PUG,2006-05-25,10.2,M,NO,DANIEL SANCHEZ,JAIME VEGA ,1,NO,3175022671,CANINO,PUG,M,NO,10.2,25.05.2006,2022-07-23 00:00:00,1,NO,3175022671
4641,2022-07-23,CASTELLANA,CANINO,BULL DOG FRANCES,2022-06-20,1.0,H,NO,DANIEL CASTELLANOS,ERWIN RESTREPO,1,NO,,CANINO,BULL DOG FRANCES,H,NO,1,20.06.2022,2022-07-23 00:00:00,1,NO,NO
4642,2022-07-23,LULU,FELINO,CRIOLLO,2022-02-01,,H,NO,JHON GUERRERO,LAURA AMAYA,1,NO,3203554721,FELINO,CRIOLLO,H,NO,NS,01.02.2022,2022-07-23 00:00:00,1,NO,3203554721
4643,2022-07-23,APOLO,CANINO,PASTOR ALEMAN,2022-01-01,28.0,M,SI,JERONNIMO JAIMES,JAIME VEGA ,2,SI,3232192285,CANINO,PASTOR ALEMAN,M,SI,28,01.01.2022,2022-07-23 00:00:00,2,SI,3232192285
4644,2022-07-23,CICERON,FELINO,CRIOLLO,2018-01-01,5.0,M,SI,ELDA REYES,MONICA OTALORA,2,SI,,FELINO,CRIOLLO,M,SI,5,01.01.2018,2022-07-23 00:00:00,2,SI,NO
4645,2022-07-23,PELUSA,FELINO,CRIOLLO,2022-05-01,0.5,M,NO,ESTELLA AMOROCHO,LIGIA GRACIA,2,SI,,FELINO,CRIOLLO,M,NO,0.5,01.05.2022,2022-07-23 00:00:00,2,SI,NO
4646,2022-07-26,LUPE,FELINO,CRIOLLO,2008-07-01,5.0,H,SI,FREDY PATIÑO,LUISA VAREGAS,3,SI,,FELINO,CRIOLLO,H,SI,5,01.07.2008,2022-07-26 00:00:00,3,SI,NO
4647,2022-07-26,HORUS,FELINO,CRIOLLO,2020-08-01,4.0,M,SI,CINDY REYES,ANIBAL GARCIA,1,NO,,FELINO,CRIOLLO,M,SI,4,01.08.2020,2022-07-26 00:00:00,1,NO,NO
4648,2022-07-26,CANELA,CANINO,CRIOLLO,2004-07-01,5.2,H,NO,LIZETH  SUAREZ,ADRIAN MARCELA OSORNO,1,NO,,CANINO,CRIOLLO,H,NO,5.2,01.07.2004,2022-07-26 00:00:00,1,NO,NO
4649,2022-07-26,CHERRY,CANINO,CRIOLLO,2018-07-01,4.7,M,SI,ESPERANZA ESPITIA ,ANDRES RUIZ,1,NO,,CANINO,CRIOLLO,M,SI,4.7,01.07.2018,2022-07-26 00:00:00,1,NO,NO
4650,2022-07-26,CANELA,CANINO,COCKER,2011-02-05,17.5,H,SI,MERCEDEZ SALAZAR,DRA. MAIRA GARCIA,2,SI,,CANINO,COCKER,H,SI,17.5,05.02.2011,2022-07-26 00:00:00,2,SI,NO
4651,2022-07-27,ALICE,FELINO,CRIOLLO,2018-02-01,1.6,H,SI,ANDREA GOMEZ ,DR JAIME VEGA,1,NO,3208306782,FELINO,CRIOLLO,H,SI,1.6,01.02.2018,2022-07-27 00:00:00,1,NO,320 8306782
4652,2022-07-27,AMY,CANINO,BULL DOG FRANCES,2018-04-07,9.8,H,NO,ADRIAN ORTIZ,DR ANIBAL GARCIA,1,NO,,CANINO,BULL DOG FRANCES,H,NO,9.8,07.04.2018,2022-07-27 00:00:00,1,NO,NO
4653,2022-07-27,MISSI,FELINO,CRIOLLO,2022-02-24,3.5,H,,TORRES,PAKOS,1,NO,,FELINO,CRIOLLO,H,NS,3.5,2022-02-24 00:00:00,2022-07-27 00:00:00,1,NO,NO
4654,2022-07-29,PRINCESA,,PINSCHER,2022-02-07,0.8,H,,HORTENCIA TORRES,ERWIN RESTREPO,2,SI,, ,PINCHER,H,NS,0.8,2022-02-07 00:00:00,2022-07-29 00:00:00,2,SI,NO
4655,2022-07-30,LINDA,CANINO,GOLDEN RETRIEVER,,24.0,H,SI,JESUS FARIAS,JUAN CAMILO TRUJILLO,2,NO,,CANINO,GOLDEN RETRIEVER,H,SI,24,11 AÑOS,2022-07-30 00:00:00,2,NO,NO
4656,2022-07-30,NUBE,FELINO,CRIOLLO,2022-03-23,2.3,H,NO,LUIS SALAMANCA,MATEOS,1,NO,,FELINO,CRIOLLO,H,NO,2.3,23.03.2022,2022-07-30 00:00:00,1,NO,NO
4657,2022-07-30,HACHY,CANINO,BEAGLE,2015-07-01,11.0,H,SI,SANDRA RIVERA,JUAN CAMILO TRUJILLO,1,NO,,CANINO,BEAGLE,H,SI,11,01.07.2015,2022-07-30 00:00:00,1,NO,NO
4658,2022-07-30,LIZZIE,CANINO,CRIOLLO,2019-09-09,6.7,H,SI,NATALIA MATALLAN,CARLOS HERNANDEZ,2,SI,,CANINO,CRIOLLO,H,SI,6.7,09.09.2019,2022-07-30 00:00:00,2,SI,NO
4659,2022-08-01,TOBIAS,CANINO,FRENCH POODLE,2012-03-01,6.0,M,NO,LUZ MARINA GIL ,ERWIN RESTREPO ,2,SI,,CANINO,FRENCH POODLE,M,NO,6,01.03.2012,2022-08-01 00:00:00,2,SI,NO
4660,2022-08-01,MALALA,CANINO,LABRADOR,2014-07-01,26.4,H,SI,LAURA RINCON ,ANDRES RUIZ ,2,SI,,CANINO,LABRADOR,H,SI,26.4,01.7.2014,2022-08-01 00:00:00,2,SI,NO
4661,2022-08-01,KIRA,CANINO,BOSTON TERRIER,,6.0,H,SI,ANDRES CORDOBA,RUBEN GOMEZ,1,,,CANINO,BOSTON TERRIER,H,SI,6,11 AÑOS,2022-08-01 00:00:00,1,TORAX,NO
4662,2022-08-01,BAMBINO,CANINO,CRIOLLO,,17.0,M,NO,NATALI VANEGAS,RUBEN GOMEZ,1,NO,,CANINO,CRIOLLO,M,NO,17,6 AÑOS,2022-08-01 00:00:00,1,NO,NO
4663,2022-08-01,OSCAR,CANINO,CRIOLLO,,32.0,M,NO,G. TORRES,RUBEN GOMEZ,2,SI,,CANINO,CRIOLLO,M,NO,32,11 AÑOS,2022-08-01 00:00:00,2,SI,NO
4664,2022-08-01,SISU,CANINO,SHIH TZU,,4.0,H,NO,LAURA CASTELLANOS,DR JUAN CAMILO,1,,,CANINO,SHIT ZU,H,NO,4,1 AÑO,2022-08-01 00:00:00,1,1,NO
4665,2022-08-02,ALICE,CANINO,CRIOLLO,2018-11-18,22.8,H,SI,LILIANA MELO,JULIO CESAR DUARTE,2,SI,,CANINO,CRIOLLO,H ,SI,22.8,18.11.2018,2022-08-02 00:00:00,2,SI,NO
4666,2022-08-02,BLUE,FELINO,CRIOLLO,2022-05-01,0.3,M,NO,ANGIE RUEDA ,VET MATEOS,1,NO,,FELINO,CRIOLLO,M,NO,0.3,01.05.2022,2022-08-02 00:00:00,1,NO,NO
4667,2022-08-02,ZEUS,CANINO,SHIH TZU,,11.0,M,,LUISA PARRA,VET MATEOS,2,SI,,CANINO,SHIT ZU,M,NS,11,1 AÑO,2022-08-02 00:00:00,2,SI,NO
4668,2022-08-03,MARCO,FELINO,CRIOLLO,2020-02-03,4.3,M,SI,SANDRA MARTINEZ,JUAN PABLO ORTIZ,1,NO,,FELINO,CRIOLLO,M,SI,4.3,03.02.2020,2022-08-03 00:00:00,1,NO,NO
4669,2022-08-03,MATIAS,CANINO,CRIOLLO,2010-01-05,30.8,M,SI,ANGIE ROSALES,VET  MATEOS ,2,SI,,CANINO,CRIOLLO,M,SI,30.8,05.01.2010,2022-08-03 00:00:00,2,SI,NO
4670,2022-08-04,SANDIA,CANINO,CRIOLLO,,7.4,H,SI,NATALIA LENIS,JUAN CAMILO TRUJILLO,2,SI,,CANINO,CRIOLLO,H,SI ,7.4,18 años,2022-08-04 00:00:00,2,SI,NO
4671,2022-08-04,ROCKY,CANINO,PINSCHER,2021-01-01,3.0,M,NO,JHON ALEXANDER,DR RUBEN GOMEZ,1,NO,,CANINO,PINCHER,M,NO,3,2021-01-01 00:00:00,2022-08-04 00:00:00,1,NO,NO
4672,2022-08-05,TOTORO,FELINO,MESTIZO,,,M,,NS,DR ANDRES RUIZ,1,NO,,FELINO ,MESTIZO,M,NS,NS,1 Y MEDIO,2022-08-05 00:00:00,1,NO,NO
4673,2022-08-05,SAM,CANINO,GOLDEN,2016-01-16,36.0,M,SI,LUZ CORTEZ,MIRIAM ACOSTA,2,NO,,CANINO,GOLDEN,M,SI,36,16.01.2016,2022-08-05 00:00:00,2,NO,NO
4674,2022-08-06,KIRA ,CANINO,CRIOLLO,,,H,NO,LENNYN HERNANDEZ,DRA NATALIA UTRERA,3,SI,,CANINO,CRIOLLA,H,NO,NS,9 AÑOS,2022-08-06 00:00:00,3,SI,NO
4676,2022-08-08,KIARA,CANINO,BULL TERRIER,,,H,NO,JHON DUQUE,DR JAIME VEGA,1,NO,,CANINO,BULL TERRIER,H,NO,NS,13 AÑOS,2022-08-08 00:00:00,1,NO,NO
4677,2022-08-08,TOMMY,FELINO,MESTIZO,,,M,SI,CLAUDIA ALVARADO,DR JAIME VEGA,1,NO,,FELINO,MESTIZO,M,SI,NS,1 AÑO,2022-08-08 00:00:00,1,NO,NO
4678,2022-08-08,PELUSA,CANINO,FRENCH POODLE,,,H,NO,NAYIBE TOVAR,DR ORDOÑEZ,2,NO,,CANINO,FRENCH,H,NO,,10 AÑOS,2022-08-08 00:00:00,2,NO,NO
4675,2022-08-08,TAISON,CANINO,PIT BULL,2014-03-01,35.0,M,NO,NATALI DUARTE ,CHANI COCKER ,3,,,CANINO ,PIT BULL,M,NO,35,01.03.2014,2022-08-08 00:00:00,3,,NO
4679,2022-08-09,FELIPO,FELINO,MESTIZO,2021-01-01,3.0,M,SI,JORGELYS GODOY,EL PANDA,2,,,FELINO,MESTIZO,M,SI,3,01.01.2021,2022-08-09 00:00:00,2,,NO
4680,2022-08-09,LIA,FELINO,MESTIZO,,3.0,H,SI,MARIA MARTINEZ,MUNDO CAN,2,,,FELINO,MESTIZO,H,SI,3,2021,2022-08-09 00:00:00,2,,NO
4681,2022-08-09,MILO,CANINO,MESTIZO,,4.5,M,NO,ALFOMSO RODRIGUEZ,VET. MATEOS,2,SI,,CANINO,MESTIZO,M,NO,4.5,6 MESES,2022-08-09 00:00:00,2,SI,NO
4682,2022-08-09,FITO,CANINO,GOLDEN,,34.0,M,NO,YOLANDA MEDINA,ERWIN RESTREPO,1,NO,,CANINO,GOLDEN,M,NO,34,8 AÑOS,2022-08-09 00:00:00,1,NO,NO
4683,2022-08-10,BRANDY,CANINO,GOLDEN,,,H,SI,KATHERIN SIERRA,DR DANIEL MENDIETA,2,SI,,CANINO,GOLDEN,H,SI,NS,13 AÑOS,2022-08-10 00:00:00,2,SI,NO
4684,2022-08-10,MILAN,CANINO,COCKER,,,M,NO,LUZ PEÑA,DR JUAN CAMILO,1,NO,,CANINO,COCKER,M,NO,NS,1 AÑO,2022-08-10 00:00:00,1,NO,NO
4685,2022-08-11,HEROS,CANINO,PIT BULL,,26.0,M,NO,CINDY TRUJILLO,JAIME VEGA ,1,NO,,CANINO,PIT BULL,M,NO,26kg,11 AÑOS,2022-08-11 00:00:00,1,NO,NO
4686,2022-08-12,DANTE,FELINO,MESTIZO,,2.0,M,NO,DIEGO RODRIGIEZ,DR JUAN CAMILO,2,SI,,FELINO,MESTIZO,M,NO,2,5 MESES,2022-08-12 00:00:00,2,SI,NO
4687,2022-08-12,RUFO,CANINO,FRENCH POODLE,,6.0,M,NO,NICOL MARTINEZ,DRA MONICA OTALORA,2,SI,,CANINO,FRENCH,M,NO,6,13 AÑOS,2022-08-12 00:00:00,2,SI,NO
4689,2022-08-13,MERCURY,FELINO,CRIOLLO,,,M,,AMANDA AGUDELO,JUAN CAMILO TRUJILLO,1,NO,,FELINO,CRIOLLO,M,NS,NS,1 AÑO,2022-08-13 00:00:00,1,NO,NO
4690,2022-08-13,THOR,CANINO,DOBERMAN,,,M,,CAMILO TORRES,RUBEN GOMEZ,1,NO,,CANINO,DOBERMAN,M,NS,NS,2 AÑOS,2022-08-13 00:00:00,1,NO,NO
4691,2022-08-16,MARTINA,CANINO,BEAGLE,2012-11-23,16.6,H,SI,MANUEL GONZALEZ ,JAIME VEGA,2,SI,,CANINO,BEAGLE,H,SI,16.6,23.11.2012,2022-08-16 00:00:00,2,SI,NO
4692,2022-08-16,LINDA,CANINO,PIT BULL,2019-08-01,15.0,H,SI,MIGUEL CALLEJAS ,ERWIN RESTREPO,2,SI,,CANINO,PIT BULL,H,SI,15,01.08.2019,2022-08-16 00:00:00,2,SI,NO
4693,2022-08-16,IRWIN,CANINO,ROTTWEILER,2019-01-01,35.0,M,,GUSTAVO TOVAR,DR JUAN CAMILO,2,SI,,CANINO,ROTTWEILER,M,NS,35,01.01.2019,2022-08-16 00:00:00,2,SI,NO
4694,2022-08-17,REYNA,CANINO,COCKER,2022-01-01,5.6,H,NO,HUGO CLAVIJO,DRA. MAIRA GARCIA,2,NO,,CANINO,COCKER,H,NO,5.6,01.01.2022,2022-08-17 00:00:00,2,NO,NO
4695,2022-08-17,LUNA,CANINO,MESTIZO,1998-01-01,,H,SI,YANETH REY,DR RUBEN GOMEZ,2,NO,,CANINO,MESTIZO,H,SI,NS,01.01.1998,2022-08-17 00:00:00,2,NO,NO
4696,2022-08-18,CANDY,CANINO,CRIOLLO,2015-08-01,12.0,H,SI,AMALIA MARQUEZ ,RUBEN GOMEZ,1,NO,,CANINO,CRIOLLO,H,SI,12,01.08.2015,2022-08-18 00:00:00,1,NO,NO
4697,2022-08-18,CLOTH,CANINO,GOLDEN,2013-12-13,32.0,M,,FERNNADO GUIO,JAIME VEGA ,1,NO,,CANINO,GOLDEN ,M,NS,32,13.12.2013,2022-08-18 00:00:00,1,NO,NO
4698,2022-08-18,LUPITA,CANINO,CRIOLLO,2014-12-27,12.6,H,SI,ESPERANZA HERNANDEZ ,MONICA OTALORA,2,SI,3219205652,CANINO,CRIOLLO,H,SI,12.6,27.12.2014,2022-08-18 00:00:00,2,SI,3219205652
4699,2022-08-18,SUSY,CANINO,CRIOLLO,2009-03-24,8.0,H,SI,MONICA CADAVID,JULIO CESAR DUARTE,2,SI,,CANINO,CRIOLLO,H,SI,8,24.03.2009,2022-08-18 00:00:00,2,SI,NO
4701,2022-08-19,BARBIE,FELINO,PERSA,2018-11-23,2.0,,SI,KAREN CRUZ,MARIBEL MUÑOZ,2,SI,3112687377,FELINO,PERSA,SI,SI,2,23.11.2028,2022-08-19 00:00:00,2,SI,3112687377
4702,2022-08-19,LULA,CANINO,CRIOLLO,2020-08-01,28.0,H,SI,TATIANA ACOSTA,JUAN CAMILO TRUJILLO,2,SI,,CANINO,CRIOLLO,H,SI,28,01.08.2020,2022-08-19 00:00:00,2,SI,NO
4703,2022-08-19,NALA,CANINO,POMERANIA,2022-04-01,0.8,,NO,NATALY RODRIGUEZ,JHON CRUZ,2,NO,,CANINO,POMERANIA,NS,NO,0.8,01.04.2022,2022-08-19 00:00:00,2,NO,NO
4704,2022-08-19,BILLS,FELINO,CRIOLLO,2021-07-01,,M,,FERNANDA BORBON,LUISA VAREGAS,1,NO,,FELINO,CRIOLLO,M,NS,NS,01.07.2021,2022-08-19 00:00:00,1,NO,NO
4705,2022-08-19,MIEL,FELINO,CRIOLLO,2016-11-15,3.0,H,SI,LUISA SOFIA CAMPOS GOMEZ,ERWIN RESTREPO,1,NO,,FELINO,CRIOLLO,H,SI,3,15.11.2016,2022-08-19 00:00:00,1,NO,NO
4706,2022-08-20,MAX,CANINO,BEAGLE,,,M,SI,NATALIA FARFAN,JAI ME VEGA,1,NO,3057487595,CANINO,BEAGLE,M,SI,NS,10 AÑOS,2022-08-20 00:00:00,1,NO,3057487595
4707,2022-08-20,COCO,CANINO,CRIOLLO,2011-01-19,30.0,M,SI,DNAUEL VARGAS ,MARIBEL MUÑOZ,1,NO,,CANINO,CRIOLLO,M,SI,30,2011-01-19 00:00:00,2022-08-20 00:00:00,1,NO,NO
4708,2022-08-20,HUNTER,CANINO,CRIOLLO,2021-01-04,6.0,M,NO,JHANSUA BAGETTE,ANIBAL GARCIA,1,NO,,CANINO,CRIOLLO,M,NO,6,4.01.2021,2022-08-20 00:00:00,1,NO,NO
4709,2022-08-20,GINGER,FELINO,CRIOLLO,2020-08-01,3.4,H,SI,JULIETH SANABRIA,AMIGOS DE 4 PATAS,1,NO,,FELINO,CRIOLLO,H,SI,3.4,01.08.2020,2022-08-20 00:00:00,1,NO,NO
4710,2022-08-22,MANBA,CANINO,CRIOLLO,2018-08-01,16.0,H,SI,ALEJANDRO MARTINEZ,DR ANIBAL GARCIA,2,NO,,CANINO,CRIOLLA,H,SI,16,01.08.2018,2022-08-22 00:00:00,2,NO,NO
4711,2022-08-22,MAX,CANINO,CRIOLLO,2021-07-02,23.0,M,NO,VALENTINA BOLIBAR,VET MATEOS ,2,NO,,CANINO,CRIOLLO,M,NO,23,2.07.2021,2022-08-22 00:00:00,2,NO,NO
4712,2022-08-23,BAXTER,CANINO,CRIOLLO,2009-01-01,31.0,M,NO,NS,MARCELA MEJIA,1,NO,,CANINO,CRIOLLO,M,NO,31,01.01.2009,2022-08-23 00:00:00,1,NO,NO
4713,2022-08-23,HANSEN,FELINO,MESTIZO,,3.0,M,,LAURA IBAÑEZ,DRA LIGIA GARCIA,1,NO,,FELINO,MESTIZO,M,NS,3,12 AÑOS,2022-08-23 00:00:00,1,NO,NO
4714,2022-08-24,MOLLY,CANINO,GOLDEN RETRIEVER,2022-03-23,14.6,H,NO,PAULA JARAMILLO,ANIBAL GARCIA,1,NO,3156949255,CANINO,GOLDEN RETRIEVER,H,NO,14.6,23.03.2022,2022-08-24 00:00:00,1,NO,3156949255
4715,2022-08-24,HERA,CANINO,CRIOLLO,2022-04-10,15.0,H,NO,ULDARICO PRADA,RUBEN GOMEZ,2,SI,,CANINO,CRIOLLO,H,NO,15,10.04.2022,2022-08-24 00:00:00,2,SI,NO
4716,,SIMBA,FELINO,MESTIZO,,3.0,M,SI,MARIA DEL CARMEN ,DR JUAN CAMILO,1,NO,,FELINO,MESTIZO,M,SI,3,1 AÑO,,1,NO,NO
4717,2022-08-26,SOCRATES ,CANINO,COCKER,,14.0,M,,MIREYA RICO,JUAN CAMILO Y ERIKA HURTADO,2,SI,,CANINO,COCKER,M,NS,14,2 AÑOS,2022-08-26 00:00:00,2,SI,NO
4718,2022-08-26,DOCKY,CANINO,SCHNAUZER,2015-08-01,6.2,M,SI,MARLEN CASTILLO,NESTOR RAMÍREZ ,2,SI,,CANINO,SCHNAUZER,M,SI,6.2,2015-08-01 00:00:00,2022-08-26 00:00:00,2,SI,NO
4719,2022-08-27,ELIONORA,FELINO,PERSA,2013-09-10,3.0,H,NO,JOHANA RIAÑO,VET MATEOS,2,SI,,FELINO,PERSA,H,NO,3,10.09.2013,2022-08-27 00:00:00,2,SI,NO
4720,2022-08-27,HANY,FELINO,CRIOLLO,2020-12-01,2.0,H,SI,EFRAIN RODRIGUEZ ,JUAN PALO ORTIZ ,2,NO,,FELINO,CRIOLLO,H,SI,2,01.12.2020,2022-08-27 00:00:00,2,NO,NO
4721,2022-08-29,LUNA,CANINO,PITBULL,2022-02-01,15.4,H,NO,RICARDO CASTAÑEDA,SANDRA TORRES,2,SI,,CANINO,PITBULL,H,NO,15.4,1.02.2022,2022-08-29 00:00:00,2,SI,NO
4722,2022-08-29,KATYRA,CANINO,PITBULL,2018-08-01,31.0,H,SI,JOSE CARDENAS,MONICA OTALORA,2,SI,,CANINO,PITBULL,H,SI,31,01.08.2018,2022-08-29 00:00:00,2,SI,NO
4723,2022-08-29,LULU,CANINO,CRIOLLO,,13.2,H,SI,LUISA ARDILA,DR ERWIN RESTREPO,2,SI,,CANINO,CRIOLLO,H,SI,13.2,2 AÑOS,2022-08-29 00:00:00,2,SI,NO
4724,2022-08-29,MIRINGA,FELINO,CRIOLLO,2019-02-01,3.4,H,SI,JOSE LUIS MARULANDA ,JULIO CESAR DUARTE,2,SI,3195928576,FELINO,CRIOLLO,H,SI,3.4,01.02.2019,2022-08-29 00:00:00,2,SI,3195928576
4725,2022-08-29,MIA,CANINO,POMERNIA,,2.0,H,NO,CRISTIAN LONDOÑO,JAIME VEGA,1,NO,3183562032,CANINO,POMERNIA,H,NO,2,01.11.19,2022-08-29 00:00:00,1,NO,3183562032
4726,2022-08-29,PAUL,CANINO,SHIH TZU,2022-02-02,4.2,M,NO,MILLEN ESTEBAN MUYANO,MONICA OTALORA,,NO,,CANINO ,SHIH TZU,M,NO,4.2,02.02.2022,2022-08-29 00:00:00,0,NO,NO
4727,2022-08-30,TOBY,CANINO,SCHNAUZER,2011-07-09,8.0,M,NO,ELIZABETH LOPEZ,LUISA VARGAS,2,SI,,CANINO,SCHNAUZER,M,NO,8,9.07.2011,2022-08-30 00:00:00,2,SI,NO
4728,2022-08-30,VAINILLA,CANINO,CRIOLLO,,12.0,H,SI,JORGE AREVALO,DRA MONICA OTALORA,1,NO,,CANINO,CRIOLLO,H,SI,12,1 AÑO,2022-08-30 00:00:00,1,NO,NO
4729,2022-08-30,MAX,CANINO,BEAGLE,2018-03-15,14.4,M,NO,ALVARO DAZA,ERWIN RESTREPO,1,NO,,CANINO,BEAGLE,M,NO,14.4,15.03.2018,2022-08-30 00:00:00,1,NO,NO
4730,2022-08-31,SUKI,CANINO,CRIOLLO,2013-08-01,28.0,H,SI,MANOLO GARCIA,MARCELA MEJIA ,2,SI,3196248160,CANINO,CRIOLLO,H,SI,28,01.08.2013,2022-08-31 00:00:00,2,SI ,3196248160
4731,2022-09-02,ESTRELLA,CANINO,FRENCH POODLE,,10.0,H,NO,ANDRES ALVARADO,JUAM CAMILO TRUJILLO Y ERIKA URTADO,2,SI,,CANINO,FRENCH POODLE,H,NO,10,2.09201,2022-09-02 00:00:00,2,SI,NO
4732,2022-08-02,SERAFIN BURTICA,FELINO,FELINO MESTIZO,2010-08-30,3.8,M,SI,ALICIA BURITICA,DR ERWIN RESTREPO,1,NO,,FELINO,FELINO MESTIZO,M,SI,3.8,2010-08-30 00:00:00,2022-08-02 00:00:00,1,NO,NO
4733,2022-08-02,BONGO,CANINO,PIT BULL,2017-08-01,26.0,M,NO,HANNA CONCHO,JUAM CAMILO TRUJILLO Y ERIKA URTADO,1,NO,,CANINO,PIT BULL,M,NO,26,01-08.2017,2022-08-02 00:00:00,1,NO,NO
4734,2022-09-03,ENZO,FELINO,CRIOLLO,,,M,SI,PABLO BENAVIDES,DRA MAYRA GARCIA,2,SI,,FELINO,CRIOLLO,M,SI,,6 MESES,2022-09-03 00:00:00,2,SI,NO
4735,2022-09-03,MAI,CANINO,BULL DOG,,25.0,M,,VANESA MORENO,DRA MAYRA GARCIA,2,SI,3003775545,CANINO,BULL DOG,M,,25,7 AÑOS,2022-09-03 00:00:00,2,SI,3003775545
4736,2022-09-03,BOO,CANINO,POMERANIO,,,M,SI,MARLA RIVAS,DR JUAN CAMILO,2,,,CANINO,POMERANIO,M,SI,,7 AÑOS,2022-09-03 00:00:00,2,,NO
4737,2022-09-05,VIOLETA,CANINO,CRIOLLO,,33.0,H,SI,DANIEL CANO,RUBÉN GÓMEZ,1,NO,3125943897,CANINo,CRIOLLO,H,SI,33,11 AÑOS,2022-09-05 00:00:00,1,NO,3125943897
4738,2022-09-05,PANDY,CANINO,PUG,,12.0,M,,GERARDO GARNICA,DRA. MAYRA GARCIA,2,SI,,CANINO,PUG,M,NS,12,7 AÑOS,2022-09-05 00:00:00,2,SI,NO
4739,2022-09-06,MUÑECA,CANINO,CRIOLLO,2009-09-01,8.0,H,SI,MARÍA BOHÓRQUEZ,VET MATEOS,2,SI,,CANINO,CRIOLLO,H,SI,8,01.09.2009,2022-09-06 00:00:00,2,SI,NO
4740,2022-09-06,FRANK,CANINO,PUG,2013-02-02,11.8,M,SI,JAÍR ANDRÉS AREVALO,MONICA OTALORA,2,SI,3204458384,CANINO,PUG,M,SI,"11,80",2.02.2013,2022-09-06 00:00:00,2,SI,3204458384 Yolanda
4741,2022-09-06,TITA,CANINO,YORKY SHIRE TERRIER,2017-01-01,3.2,H,SI,ÁNGELA GÁLVEZ,DANIEL MENDIETA,1,NO,,CANINO,YORKY SHIRE TERRIER,H,SI,"3,2","01,01,2017",2022-09-06 00:00:00,1,NO,NO
4742,2022-09-07,GARFIELD,FELINO,CRIOLLO,2016-01-01,2.0,M,SI,CLARA PINZON,ERWIN RESTREPO,1,NO,,FELINO,CRIOLLO,M,SI,2,01.01.2016,2022-09-07 00:00:00,1,NO,NO
4743,2022-09-07,YANGO,CANINO,PASTOR ALEMAN,2021-09-01,30.0,M,NO,EDILSE MIRANDA,ERWIN RESTREPO,1,NO,,CANINO,PASTOR ALEMAN,M,NO,30,01.09.2021,2022-09-07 00:00:00,1,NO,NO
4744,2022-09-08,GAIRA,CANINO,GOLDEN RETRIEVER,2015-09-01,27.0,H,SI,JORGE GALINDO,ANDRES RUIZ,2,SI,,CANINO,GOLDEN RETRIEVER,H,SI,27,01.09.2015,2022-09-08 00:00:00,2,SI,NO
4745,2022-09-08,TOMMY,FELINO,CRIOLLO,2013-01-01,3.8,M,SI,FREDY MARTINEZ,JAIME VEGA,1,NO,3112260390,FELINO,CRIOLLO,M,SI,3.8,01.01.013,2022-09-08 00:00:00,1,NO,3112260390
4746,2022-09-08,JUGUETE,CANINO,FRENCH POODLE,2007-01-01,6.0,M,SI,ALEJANDRA GONZALEZ,ERWIN RESTREPO,2,SI,,CANINO,FRENCH POODLE,M,SI,6,01.01.2007,2022-09-08 00:00:00,2,SI,NO
4747,2022-09-09,BRUCENAY,CANINO,SCHNUZER,,12.0,M,NO,JULIAN RODRIGUEZ,LUISA VARGAS,2,SI,,CANINO,SCHNUZER,M,NO,12,05.03.20110,2022-09-09 00:00:00,2,SI,NO
4748,2022-09-09,ORION,FELINO,CRIOLLO,2021-08-01,5.3,M,SI,JENNIFER GARZON,ANDRES RUIZ,2,SI,,FELINO,CRIOLLO,M,SI,5.3,01.08.2021,2022-09-09 00:00:00,2,SI,NO
4749,2022-09-09,ATHENA,CANINO,GOLDEN RETRIEVER,2021-08-01,19.0,H,,YILMER MARTINEZ,ANDRES SIERRA,1,NO,,CANINO,GOLDEN RETRIEVER,H,NS,19,01.08.2021,2022-09-09 00:00:00,1,NO,NO
4750,2022-09-09,CANELA,CANINO,BEAGLE,2014-09-01,15.0,H,NO,JAIR FLOREZ,VET MATEOS,2,SI,3133346229,CANINO,BEAGLE,H,NO,15,01.09.2014,2022-09-09 00:00:00,2,SI,3133346229
4751,2022-09-10,LANA,FELINO,,,7.2,H,,CARLOS PALMA,DR JUAN CAMILO,2,SI,,FELINO,FELINO,H,NS,7.2,12AÑOS,2022-09-10 00:00:00,2,SI,NO
4752,2022-09-10,REX,CANINO,FRENCH POODLE,,6.0,M,,AULALIA GONZALES,DRA. LIGIA GARCIA,1,NO,,CANINO,FRECH POODLE,M,NS,6,5 AÑOS,2022-09-10 00:00:00,1,NO,NO
4753,2022-09-10,VIOLETA,CANINO,BEAGLE,,14.0,H,,INGRID GONZALES,ERWIN RESTREPO,2,SI,,CANINO,BEAGLE,H,NS,14,2014,2022-09-10 00:00:00,2,SI,NO
4754,2022-09-10,SPERGER,CANINO,GOLDEN,,30.0,M,,ANGELA CONTRERAS,FLOR LUCIA,2,SI,,CANINO,GOLDEN,M,NS,30,NS,2022-09-10 00:00:00,2,SI,NO
4755,2022-09-10,AMARU,CANINO,PASTOR ALEMAN,2015-10-19,45.0,M,SI,CATALINA GOMEZ,MATEOS,2,SI,,CANINO,PASTOR ALEMAN,M,SI,45,19.10.2015,2022-09-10 00:00:00,2,SI,NO
4756,2022-09-12,JACK,FELINO,CRIOLLO,,,M,,KAREN XIOMARA PRIMO,ANDRES RUIZ,2,SI,,FELINO,CRIOLLO,M,NS,NS,108.2021,2022-09-12 00:00:00,2,SI,NO
4757,2022-09-12,ARENITA,CANINO,PINSCHER,2012-05-01,3.0,H,NO,PAOLA FONSECA ,ANIBAL GARCIA,1,NO,,CANINO,PINSCHER,H,NO,3,01.05.2012,2022-09-12 00:00:00,1,NO,NO
4758,2022-09-13,NERON,CANINO,FRENCH POODLE,,12.2,M,SI,MIRIAM AYALA,ERWIN RESTREPO,2,SI,,CANINO,FRENCH,M,SI,12.2,10 AÑOS,2022-09-13 00:00:00,2,SI,NO
4759,2022-09-13,TEO,CANINO,CRIOLLO,2012-09-01,6.2,M,SI,PILAR GONZALEZ,ERWIN RESTREPO,1,NO,,CANINO,CRIOLLO,M,SI,6.2,01.09.2012,2022-09-13 00:00:00,1,NO,NO
4760,2022-09-13,HEGOLETH,CANINO,PASTOR BELGA,2015-08-01,19.2,H,SI,ARCADIO CARDONA,RUBEN GOMEZ,2,SI,direccion@sangregoriocota.org,CANINO,PASTOR BELGA,H,SI,19.2,01.08.2015,2022-09-13 00:00:00,2,SI,direccion@sangregoriocota.org
4761,2022-09-13,VITA,FELINO,CRIOLLO,2022-07-01,2.0,M,NO,LINCEY SANCHEZ,ERWIN RESTREPO,1,NO,,FELINO,CRIOLLO,M,NO,2,01.07.2022,2022-09-13 00:00:00,1,NO,NO
4762,2022-09-14,MANCHAS,FELINO,CRIOLLO,2014-01-01,,M,SI,JULIANA GOMEZ,DR ANIBAL GARCIA,1,NO,,FELINO,CRIOLLO,M,SI,,2014-01-01 00:00:00,2022-09-14 00:00:00,1,NO,NO
4763,2022-09-17,KINCHI,FELINO,CRIOLLO,,3.5,M,SI,JAIRO CASTRO,DR JAIME VEGA,1,NO,,FELINO,CRIOLLO,M,SI,3.5,3 AÑOS,2022-09-17 00:00:00,1,NO,NO
4764,2022-09-14,KAYAH SAENZ,FELINO,CRIOLLO,,3.0,H,SI,IVONNE SAENZ,DR ERWIN RESTREPO,2,SI,,FELINO,CRIOLLO,H,SI,3,2 AÑOS,2022-09-14 00:00:00,2,SI,NO
4765,2022-09-14,TOMMY,CANINO,SCHNAUZER,2010-09-01,4.0,M,NO,CAROLINA RUIZ,JULIO CESAR DUARTE,2,SI,,CANINO,SCHNAUZER,M,NO,4,01.09.2010,2022-09-14 00:00:00,2,SI,NO
4766,2022-09-14,GOMITA,CANINO,MESTIZO,,25.0,M,SI,ELIZABETH ACOSTA,DR JUAN CAMILO,3,NO,,CANINO,MESTIZO,M,SI,25,3 AÑOS,2022-09-14 00:00:00,3,NO,NO
4767,2022-09-14,BRUCE,CANINO,PINSCHER,2014-09-01,3.0,M,NO,LILIANA,JUAN CAMILO TRUJILLO Y EROIKA RICAURTE,1,NO,,ÑCANNO,PINSCHER,M,NO,3,01.09.2014,2022-09-14 00:00:00,1,NO,NO
4768,2022-09-15,BRUNO,CANINO,PINSCHER,2015-09-08,2.9,M,NO,NUVIA TORRES ACERO,DR ERWIN RESTREPO,2,SI,,CANINO,PINSCHER,M,NO,2.9,2015-09-08 00:00:00,2022-09-15 00:00:00,2,SI,NO
4769,2022-09-16,LANA,FELINO,CRIOLLO,2019-02-17,3.8,H,SI,MARGIE MUNAR,ALEJANDRO PUERTA ,2,NO,,FELINO,CRIOLLO,H,SI,3.8,2019-02-17 00:00:00,2022-09-16 00:00:00,2,NO,NO
4770,2022-09-17,CAPITAN ,CANINO,BEAGLE,2006-05-03,13.0,M,SI,PEDRO PUENTES ,JAIME VEGA ,1,SI,3185848093,CANINO,BEAGLE,M,SI,13,3.05.2006,2022-09-17 00:00:00,1,SI,3185848093
4771,2022-09-17,GATA,FELINO,CRIOLLO,,2.7,H,NO,CLUBPOPULAR DE GOLF LA FLORIDA,RUBEN GOMEZ,2,SI,,FELINO,CRIOLLO,H,NO,2.7,2 AÑOS,2022-09-17 00:00:00,2,SI,NO
4772,2022-09-17,MANCHAS,FELINO,CRIOLLO,,7.0,H,SI,JULIANA GOMEZ,ANIBAL GARCIA,1,NO,,FELINO,CRIOLLO,H,SI,7,7 AÑOS,2022-09-17 00:00:00,1,NO,NO
4773,2022-09-17,LUNA,FELINO,CRIOLLO,2008-09-01,2.7,H,SI,LEIDY CASTEBLANCO,RUBEN GOMEZ,2,SI,,FELINO,CRIOLLO,H,SI,2.7,01.09.2008,2022-09-17 00:00:00,2,SI,SI
4774,2022-09-17,BUNNY,CANINO,CRIOLLO,2009-09-01,6.8,M,NO,FLOR MARIA CANCHON,JULIO CESAR DUARTE ,2,SI,,CANINO,CRIOLLO,M,NO,6.8,01.09.2009,2022-09-17 00:00:00,2,SI,NO
4775,2022-09-19,PIPO,CANINO,GOLDEN,2010-06-10,,M,SI,MARIA CAMILA ESTRADA ,RUBEN GOMEZ,1,NO,,CANINO,GOLDEN ,M,SI,,10.06.2010,2022-09-19 00:00:00,1,NO,NO
4776,2022-09-19,HANNI CARMONA,CANINO,BULL DOG FRANCES,,8.0,H,SI,XIOMARA CARMONA,DR ERWIN,2,NO,,CANINO,BULL DOG FRANCES,H,SI,8,3 AÑOS,2022-09-19 00:00:00,2,NO,NO
4777,2022-09-19,AMIR,CANINO,COCKER,,,M,NO,ANGIE CARVAJAL,DR ERWIN,2,NO,,CSNINO,COCKER,M,NO,NS,4,2022-09-19 00:00:00,2,NO,NO
4778,2022-09-19,VITA,FELINO,MESTIZO,,,M,,LINCEY SANCHEZ,DR. ERWIN,1,NO,,FELINO,MESTIZO,M,NS,NS,3 MESES,2022-09-19 00:00:00,1,NO,NO
4779,2022-09-19,LILI,FELINO,MEZTIZO,,,H,,LAURA CORZO ,JUAN CAMILO ,1,NO,,FELINO ,MEZTIZO,H,NS,NS,2 Meses,2022-09-19 00:00:00,1,NO,NO
4780,2022-09-20,LUNA,CANINO,COCKER,,,H,SI,DIANA RAMIREZ PALACIO,ANIBAL GARCIA ,1,NO,,CANINO,COCKER,H,SI,SI,25.01.2012    14.20 KG,2022-09-20 00:00:00,1,NO,SI
4781,2022-09-20,PHINEAS,CANINO,SCHNAUZER,2010-02-28,9.6,M,NO,SANDR4A CHAVEZ,ANIBAL GARCIA,1,NO,3203011998,CANINO,SCHNAUZER,M,NO,9.6,28.02.2010,2022-09-20 00:00:00,1,NO,3203011998
4782,2022-09-20,MIRRINGA,FELINO,VAN TURCO,2015-01-01,4.4,H,SI,FRANCINED RINCON,ERWIN RESTREPO,1,NO,,FELINO,VAN TURCO,H,SI,"4,4","01,01,2015",2022-09-20 00:00:00,1,NO,NO
4783,2022-09-21,ANTONIO,CANINO,BEAGLE,2014-09-01,16.6,M,SI,STELLA,LUISA VARGAS,2,SI,,CANINO,BEAGLE,M,SI,16.6,01.09.2014,2022-09-21 00:00:00,2,SI,NO
4784,2022-09-21,HANNA,CANINO,GOLDEN RERIEVER,2012-09-01,43.0,H,,MONICA SILVA,JUAN PABLO ORTIZ,2,SI,,CANINO,GOLDEN RERIEVER,H,NS,43,01.09.2012,2022-09-21 00:00:00,2,SI,NO
4785,2022-09-21,CHIMUELO,CANINO,PUG,2020-02-01,8.0,M,NO,SOFIA LESMES,ALEJANNDRO PUERTA,1,SI,,CANINO,PUG,M,NO,8,01.02.2020,2022-09-21 00:00:00,1,SI,NO
4786,2022-09-21,DANTE,CANINO,BOXER,2012-05-01,26.0,M,SI,ANDRES RUBIO,VET MATEOS ,2,SI,,CANINO,BÓXER ,M,SI,26,01.05.2012,2022-09-21 00:00:00,2,SI,NO
4787,2022-09-21,ARTUR,CANINO,DALMATA,2014-09-01,20.0,M,NO,WILMAN GUTIÉRREZ ,LUISA VARGAS,1,NO,,CANINO,DALMATA,M,NO,20,01.09.2014,2022-09-21 00:00:00,1,NO,NO
4788,2022-09-21,KIARA,CANINO,BULL TERRIER,2017-01-01,18.0,H,,DANIELA NOCHES ,ERWIN RESTREPO,1,NO,,CANINO,BULL TERRIER,H,NS,18,01.01.2017,2022-09-21 00:00:00,1,NO,NO
4789,2022-09-22,PLUTO,CANINO,FRENCH POODLE,2017-01-01,,M,,NS,DR JUAN CAMILO,1,SI,,CANINO,FRENCH,M,NS,NS,01.01.2017,2022-09-22 00:00:00,1,SI,NO
4790,2022-09-23,MAILO,CANINO,JACK RUSSEL,2012-09-01,13.0,M,,ANGELIY ALZA,ANDRES RUIZ Y MARIA,3,NO,,CANINO,JACK RUSSEL,M,NS,13,01.09.2012,2022-09-23 00:00:00,3,NO,NO
4791,2022-09-23,KIRA,FELINO,CRIOLLO,2022-03-01,3.0,H,SI,ALEJANDRA LACARCEL,JUAN CAMILO Y ERIKA RICAURTE,2,NO,,FELINO,CRIOLLO,H,SI,3,01.03.2022,2022-09-23 00:00:00,2,NO,NO
4792,2022-09-24,CHAIRA ,CANINO,CRIOLLO,2019-11-28,26.7,H,SI,MARTHA HUERTAS,DR ANIBAL GARCIA,2,NO,,CANINO,CRIOLLO,H,SI,26.7,2019-11-28 00:00:00,2022-09-24 00:00:00,2,NO,NO
4793,2022-09-26,RAMA,FELINO,CRIOLLO,2019-10-20,,M,SI,TOMAS RODRIGUEZ,JUAN PABLO ORTIZ,2,SI,,FELINO,CRIOLLO,M,SI,,20.10.2019,2022-09-26 00:00:00,2,SI,NO
4794,2022-09-27,KEYLA,FELINO,CRIOLLO,,3.0,H,SI,KATHERIN URIBE,DR JAIME VEGA,2,SI,3112208619,FELINO,CRIOLLA,H,SI,3,5 AÑOS,2022-09-27 00:00:00,2,SI,3112208619
4795,2022-09-27,TOMAS,FELINO,CRIOLLO,,5.0,M,SI,EDUARDO ENCIZO,DR ANDRES RUIZ,1,NO,,FELINO,CRIOLLO,M,SI,5,1 AÑO,2022-09-27 00:00:00,1,NO,NO
4796,2022-09-27,GATO TALLER,FELINO,CRIOLLO,,1.0,,NO,ALSIL MUÑOZ,DR ALEJANDRO PUERTA,1,NO,,FELINO,CRIOLLO,NS,NO,1,1 MES,2022-09-27 00:00:00,1,NO,NNO
4797,2022-09-27,PUMA,CANINO,AKITA,,50.0,M,,LUIS HENRI VELANDIA,DRA .LUISA VARGAS,3,SI,,CANINO,AKITA,M,NS,50,7 AÑOS,2022-09-27 00:00:00,3,SI,NO
4798,2022-09-27,TONY,CANINO,CRIOLLO,2014-09-01,20.0,M,NO,JOSE CASTRO,RUBENGOMEZ,,,,CANINO,CRIOLLO,M,NO,20,01.09.2014,2022-09-27 00:00:00,,,NO
4799,2022-09-28,MORA,,,,,,,,,,,,,,,,,,2022-09-28 00:00:00,,,
4800,2022-09-28,TOBBY,CANINO,CRIOLLO,2010-09-01,8.2,M,NO,JHON VELANDIA ,ERWIN RESTREPO ,2,SI,,CANINO ,CRIOLLO ,M,NO,8.2,01.09.2010,2022-09-28 00:00:00,2,SI,NO
4801,2022-09-28,TOBY,CANINO,SCHNAUZER,2014-09-01,8.0,M,SI,PATRICIA MORALES,ERWIN RESTREPO ,1,NO,,CANINO,SCHNAUZER,M,SI,8,01.09.2014,2022-09-28 00:00:00,1,NO,NO
4802,2022-09-28,INDIANA,CANINO,CRIOLLO,2010-02-01,22.0,H,,HON JAIRO SAMBRANO,LUISA VARGAS,3,SI,,CANINO,CRIOLLO ,H,NS,22,01.02.2010,2022-09-28 00:00:00,3,SI,NO
4803,2022-09-28,ALMENDRA,CANINO,YORKY SHIRE TERRIER,2016-09-01,6.6,H,,QUIÑONES,ANDRES SIERRA,1,NO,,CANINO,CANINOYORKY SHIRE,H,NS,6.6,01.09.2016,2022-09-28 00:00:00,1,NO,NO
4804,2022-09-28,FILI,FELINO,CRIOLLO,2015-09-01,,M,,JENNY NUEQUE,ERWIN RESTREPO ,2,SI,,FELINO,CRIOLLO ,M,NS,NS,01.09.2015,2022-09-28 00:00:00,2,SI,NO
4805,2022-09-28,FRIDA,CANINO,DACHSHUND,2009-09-01,11.0,H,SI,SANDRA VASQUEZ,JUAN CAMILO Y ERIKA,1,NO,,CANINO,DUCHSHOUND,H,SI,11,01.009.2009,2022-09-28 00:00:00,1,NO,NO
4806,2022-09-28,JUNIOR,FELINO,CRIOLLO,2007-11-04,,M,SI,CARMEN GIRALDO,DR ERWIN RESTREPO ,1,NO,,FELINNO,CRIOLLO ,M,SI,NS,04.11.2007,2022-09-28 00:00:00,1,NO,NO
4807,2022-09-29,ISIS,CANINO,CRIOLLO,2012-01-01,23.2,H,SI,MAVEL FAJARDO,ALEJANDRO PUERTA ,1,NO,,CANINO,CRIOLLO,H,SI,23.2,01.01.2012,2022-09-29 00:00:00,1,NO,NO
4808,2022-09-29,LUPE,CANINO,CRIOLLO,,,H,SI,ANYELA MARTINEZ,JUAN CAMILO Y ERIKA,2,,,CANINO,CRIOLLA,H,SI,NS,7 AÑOS,2022-09-29 00:00:00,2,,NO
4809,2022-09-29,ADANA,CANINO,CRIOLLO,2012-09-01,8.0,H,NO,MARIA CRISTINA ALBARRACIN ,ERWIN RESTREPO ,1,NO,,CANINO,CRIOLLO,H,NO,8,01.9.2012,2022-09-29 00:00:00,1,NO,NO
4810,2022-09-29,FRANCIA,FELINO,CRIOLLO,2022-05-01,,H,,ANGELA BELTRAN,MARIA C,2,,,FELINO,CRIOLLO,H,NS,,01.05.2022,2022-09-29 00:00:00,2,,NO
4811,2022-09-29,FIONA,CANINO,PUG,2009-09-01,,H,NO,KAREN SANCHEZ ,JAIME VEGA ,1,NO,,CANINO ,PUG,H,NO,6.20.,01.09.2009,2022-09-29 00:00:00,1,NO,NO
4812,2022-09-30,ROKO,CANINO,PASTOR ALEMÁN,2010-09-01,28.0,M,NO,WILSON CADENA ,ANDRES GARCÍA ,2,NO,,CANINO ,PASTOR ALEMÁN ,M,NO,28,01.09.2010,2022-09-30 00:00:00,2,NO,NO
4813,2022-09-30,KIMI,CANINO,FRENCHS POODLE,2021-06-01,9.0,H,NO,LINDA GARCÍA ,JUAN CAMILO TRUJILLO ,2,NO,,CANINO ,FRENCHS POODLE,H,NO,9,01.06.2021,2022-09-30 00:00:00,2,NO,NO
4814,2022-09-30,CHIQUI,CANINO,BEAGLE,2011-09-01,11.4,H,SI,NATALIA SÁNCHEZ ,ERWIN RESTREPO ,2,SI,,CANINO ,BEAGLE ,H,SI,11.4,01.09.2011,2022-09-30 00:00:00,2,SI,NO
4815,2022-09-30,FELIX,CANINO,SHIH TZU,2020-02-01,8.0,M,NO,JORGE CASTELLANOS,ANDRES RUIZ,2,SI,,CANINO,SHIH TZU,M,NO,8,01.02.2020,2022-09-30 00:00:00,2,SI,NO
4816,2022-10-01,RAMONA,FELINO,CRIOLLO,2015-09-27,4.0,H,SI,CATALINA TRIANA,NICOLAS DE JULIO CESAR,2,SI,,FELINO,CRIOLLO,H,SI,4,27.09.2015,2022-10-01 00:00:00,2,SI,NO
4817,2022-10-01,TONY,FELINO,CRIOLLO,2020-01-01,3.0,M,SI,DIANA VARON,DR JUAN CAMILO,2,SI,,FELINO,CRIOLLO,M,SI,3,01.01.2020,2022-10-01 00:00:00,2,SI,NO
4818,2022-10-01,SPARTACO,CANINO,PASTOR ALEMAN,2021-12-26,30.4,M,NO,SANTIAGO RAMIREZ,ALEJANDRO PUERTA ,1,NO,,CANINO,PASTOR ALEMAN,M,NO,30.4,2021-12-26 00:00:00,2022-10-01 00:00:00,1,NO,NO
4819,2022-10-01,RUBI,CANINO,BEAGLE,2019-10-01,10.4,H,,SOL CALLEJAS,CHANICOCKER,2,NO,,CANINO,BEAGLE ,H,NS,10.4,01.10.2019,2022-10-01 00:00:00,2,NO,NO
4820,2022-10-03,DOGO,CANINO,PITBULL,2017-10-01,25.0,M,NO,METALLICA,LUISA VARGAS,2,SI,,CANINO,PITBULL,M,NO,25,01.10.2017,2022-10-03 00:00:00,2,SI,NO
4821,2022-10-03,PABLO CAMACHO ,CANINO,PITBULL,2018-04-01,31.4,M,SI,CAROLINA CAMACHO ,ERWIN RESTREPO ,2,SI,,CANINO ,PITBULL ,M,SI,31.4,01.04.2018,2022-10-03 00:00:00,2,SI,NO
4822,2022-10-03,UTA,CANINO,BISZLA,2020-05-20,28.6,H,NO,EDITH LOZANO,SANDRA TORRES Y EDITH,2,NO,,CANINO,BISZLA,H,NO,28.6,20.05.2020,2022-10-03 00:00:00,2,NO,NO
4823,2022-10-04,TERRY,CANINO,FRENCHS POODLE,2005-10-28,7.0,M,NO,CLAUDIA FERNANDEZ ,ERWIN RESTREPO ,1,NO,,CANINO ,FRENCHS POODLE,M,NO,7,28.10.2005,2022-10-04 00:00:00,1,NO,NO
4824,2022-10-05,KAISER,CANINO,PASTOR ALEMAN,2017-04-01,33.0,M,SI,NAIRO RODRIGUEZ,JUAN CMAILO TRUJILLO,2,SI,,CANINO,PASTOR ALEMAN,M,SI,33,01.04.2017,2022-10-05 00:00:00,2,SI,NO
4825,2022-10-05,MATEO MAYORGA,CANINO,SCHNAUZER,2013-10-04,11.4,M,,CRISTINA MAYORGA,ERWIN RESTREPO ,2,SI,,CANINO,SHNAUZER,M,NS,11.4,2013-10-04 00:00:00,2022-10-05 00:00:00,2,SI,NO
4826,2022-10-05,SALOME,CANINO,CRIOLLO,2015-01-01,38.0,H,,CRISTIAN AREVALO,ERWIN RESTREPO,2,SI,,CANINO,CRIOLLA,H,NS,38,2015-01-01 00:00:00,2022-10-05 00:00:00,2,SI,NO
4827,2022-10-06,MARTIN,CANINO,LABRADOR,2012-01-01,35.0,M,NO,MARIA QUIROGA,DR JAIME VEGA,2,NO,,CANINO,LABRADOR,M,NO,35,2012-01-01 00:00:00,2022-10-06 00:00:00,2,NO,NO
4828,2022-10-06,AZUL,FELINO,CRIOLLO,,,,,SAMIR CASERES,JAIME VEGA ,2,SI,,FELINO,CRIOLLA,NS,NS,NS,NS,2022-10-06 00:00:00,2,SI,SI
4829,2022-10-06,SIMON,CANINO,CRIOLLO,2009-09-01,12.0,M,SI,BRYAN CORREDOR,LUISA VARGAS,2,SI,,CANINO,CRIOLLO,M,SI,12,01.09.2009,2022-10-06 00:00:00,2,SI,NO
4830,2022-10-08,BRYAN ,CANINO,YORKY SHIRE TERRIER,,6.0,M,,LINA BOTIA,DR JUAN PABLO,2,SI,,CANINO,YORKY,M,NS,6,12 AÑOS,2022-10-08 00:00:00,2,SI,NO
4831,2022-10-08,ROCKO HERRERA,CANINO,PIT BULL,,25.0,M,,ALEJANDRA HERRERA,DR ERWIN RESTREPO ,1,NO,,CANINO,PIT BULL,M,NS,25,7 AÑOS,2022-10-08 00:00:00,1,NO,NO
4832,2022-10-08,MOCHI,FELINO,CRIOLLO,,4.0,M,,ANGIE LANDASURI,ANIMALS HELP,1,NO,,FELINO,CRIOLLO,M,NS,4,16 MESES,2022-10-08 00:00:00,1,NO,NO
4833,2022-10-08,GIGO,CANINO,FRENCH POODLE,,5.7,M,NO,DIANA JIMEMEZ,DR JAIME VEGA,1,NO,,CANINO,FRENCH,M,NO,5.7,14 AÑOS,2022-10-08 00:00:00,1,NO,NO
4834,2022-10-10,CEO,CANINO,LABRADOR,,30.0,M,SI,VANESA GARCIA ,DR ANIBAL,1,NO,,CANINO,LABRADOR,M,SI,30,3 AÑOS,2022-10-10 00:00:00,1,NO,NO
4835,2022-10-10,VIOLETA  ,CANINO,SHIH TZU,,,H,,NNS,DRA NATALIA UTRERA,2,NO,,CANINO,CHAITZU,H,NS,NS,8 AÑOS,2022-10-10 00:00:00,2,NO,NO
4836,2022-10-10,DANTE LONDOÑO,CANINO,PASTOR SHETLAND,2022-01-25,,M,NO,MARIA FERNANDA ZULUAGA,DR. RAFAEL TORRES,1,NO,,CANINO,PASTOR SHETLAND,M,NO,NS,25.01.2022,2022-10-10 00:00:00,1,NO,NO
4837,2022-10-11,DANTE,CANINO,SPRINGEL SPANIEL,2017-07-04,17.0,M,NO,NUBIA GAITAN ,RUBEN GOMEZ,2,SI,,CANINO,SPRINGEL SPANIEL,M,NO,17,2017-07-04 00:00:00,2022-10-11 00:00:00,2,SI,SI
4838,2022-10-11,BELLA,CANINO,CRIOLLO,2020-06-26,20.6,H,SI,ANGELICA GONZALEZ,ANIBAL GARCIA,2,SI,, CANINO,CRIOLLO,H,SI,20.6,2020-06-26 00:00:00,2022-10-11 00:00:00,2,SI,SI
4839,2022-10-11,RUSO,FELINO,CRIOLLO,2021-05-31,3.9,M,SI,FELIPE GOMEZ,ANIBAL GARCIA ,1,NO,,FELINO ,CRIOLLO,M,SI,3.9,2021-05-31 00:00:00,2022-10-11 00:00:00,1,NO,SI
4840,2022-10-12,CONNOR,CANINO,CRIOLLO,2017-02-28,3.0,M,SI,MARIA GUZMAN,ERWIN RESTREPO,2,SI,,CANINO,CRIOLLO,M,SI,3,28.02.2017,12.10.2022,2,SI,NO
4841,2022-10-12,ANNIE,CANINO,SCHNAUZER,2009-10-01,9.0,H,SI,PAOLA RIAÑO,JUAN CAMILO ERIKA,2,SI,,CANINO,SCHNAUZER,H,SI,9,01.10.2009,12.10.2022,2,SI,NO
4842,2022-10-13,KENYI,FELINO,CRIOLLO,2019-01-01,6.2,M,SI,FABIO TRUJILLO,DRA LAURA ,1,NO,,FELINO,CRIOLLO,M,Si,6.2,01.01.2019,13.10.2022,1,NO,NO
4843,2022-10-13,GEORGI,CANINO,SHIH TZU,,4.0,M,NO,CAMILO CHAPARRO,DR. ANIBAL GARCIA,1,NO,,CANINO,SHIT ZU,M,NO,4,13 AÑOS,13.10.2022,1,NO,NO
4844,2022-10-13,MUÑECA,CANINO,FRENCH POODLE,2018-10-01,8.0,H,SI,ADRIANA RINCON ,NESTOR RAMIREZ,2,NO,,CANINO,FRENCH POODLE,H,SI,8,01.10.2018,13.10.2022,2,NO,NO
4845,2022-10-13,BELA,CANINO,BULL TERRIER,,22.0,H,SI,LAURA PINEDA,ERWIN RESTREPO,2,NO,,CANINO,BULL TERRIER,H,SI,22,8,13.10.2022,2,NO,NO
4846,,RANDY,CANINO,PASYOR COLLIE,2010-01-01,20.0,H,NO,STIVEN HORJUELA,ERWIN RESTREPO,,NO,,CANINO,PASYOR COLLIE,H,NO,20,2010-01-01 00:00:00,,,NO,NO
4847,2022-10-15,MICHIGRU,FELINO,PERSA,,3.6,M,SI,DERLY QUINTERO,ANDRES RUIZ,1,NO,,FELINO,PERSA,M,SI,3.6,5 AÑOS,2022-10-15 00:00:00,1,NO,NO
4848,2022-10-15,BRUNO,CANINO,GOLDEN,,48.0,M,SI,MARIA ALEJANDRA BARRAGAN,DRA. MAYRA GARCIA,2,SI,,CANINO,GOLDEN,M,SI,48,7 AÑOS,2022-10-15 00:00:00,2,SI,NO
4849,2022-10-15,LOCKY,CANINO,SCHNAUZER,,10.0,M,SI,CARLOS LOPEZ,,,NO,,CANINO,SHNAUZER,M,SI,10,2017,2022-10-15 00:00:00,,NO,NO
4850,2022-10-19,LUNA,CANINO,FRENCH POODLE,2007-10-01,5.6,H,SI,TERESA ORJUELA ,MAYRA GARCIA,1,NO,,CANINO,F POODLE,H,SI ,5.6,01.10.2007,2022-10-19 00:00:00,1,NO,NO
4851,2022-10-19,LULU ,CANINO,BEAGLE,2011-10-22,15.0,H,SI,PAULA DAZA,ERWIN ,2,SI,,CANINO,BEAGLE ,H,SI,15,22.10.2011,2022-10-19 00:00:00,2,SI,NO
4852,2022-10-19,LUNA,CANINO,GOLDEN RETRIEVER,2014-10-01,,H,SI,LUZ ADRIANA SALDOVAL,ANDRES RUIZ,2,SI,,CANINO,GOLDEN RETRIEVER ,H,SI,,01.10.2014,2022-10-19 00:00:00,2,SI,NO
4853,2022-10-19,THOMAS,CANINO,SCHNAUZER,2019-01-07,11.0,M,SI,KATHERIN DIAS,ERWIN,,NO,,CANINO,SHNAUZER,M,SI,11,07.01.2019,19/10/2022,,NO,NO
4854,2022-10-19,MICHI CARDONA,FELINO,CRIOLLO,2018-10-01,3.2,,NO,HITAN CARDONA,PAIOLA ENRUQUES,2,SI,,FELINNO,CRIOLLO,NH,NO,3.2,01.10.2018,2022-10-19 00:00:00,2,SI,NO
4855,2022-10-19,MARICHUI,CANINO,BEAGLE,,14.0,H,SI,DANIEL SUBIETA,DRA ERIKA,2,SI,,CANINO,BEAGLE,H,SI,14,9 AÑOS,2022-10-19 00:00:00,2,SI,NO
4856,2022-10-20,HOLLY,CANINO,SCHNAUZER,,12.0,M,,SILVIA MORENO,DRA ERIKA,1,NO,,CANINO,SHNAUZER,M,,12,6 AÑOS,2022-10-20 00:00:00,1,NO,NO
4857,2022-10-20,THANOS,CANINO,MESTIZO,,16.0,M,,ANGELICA SANCHEZ,DR ERVIN,1,NO,,CANINO,CRUCE,M,,16,4 MESES,2022-10-20 00:00:00,1,NO,NO
4858,2022-10-20,PEPITO,FELINO,CRIOLLO,,2.0,M,SI,YULI FONSECA,DR. ANIBAL,2,NO,,FELINO,CRIOLLO,M,SI,2,7 AÑOS,20.10.2022,2,NO,NO
4859,2022-10-21,PANTERITA,FELINO,CRIOLLO,2020-03-31,4.6,M,SI,MARIANA RODRIGUEZ,VET MATEOS,1,NO,,FELINO,CRIOLLO,M,SI,4.6,31.03.2020,2022-10-21 00:00:00,1,NO,NO
4860,,TONNY,FELINO,CRIOLLO,2020-04-01,4.4,M,SI,YUDY RODRIGUEZ ,AMBULANCIA ANIMAL ,3,SI,,FELINO,CRIOLLO,M ,SI,4.4,01.04.2020,2055-10-22 00:00:00,3,SI,NO
4861,2022-10-22,DARA,CANINO,FRENCH POODLE,,,H,SI,CAROL IÑO,LIGIA GARCIA,1,NO,,CANINO,FRECNH,H,SI,,15 AÑOS,2022-10-22 00:00:00,1,NO,NO
4862,2022-10-24,TEO,CANINO,GOLDEN,,37.0,M,,SERGIO PARRA,DRA MAYRA GARCIA,2,NO,,CANINO,GOLDEN,M,NS,37,6 AÑOS,2022-10-24 00:00:00,2,NO,NO
4863,2022-10-25,ZEUS,CANINO,CRIOLLO,,,M,,MIGUEL RODRIGUEZ,DR RUBEN GOMEZ,3,NO,,CANINO,CRIOLLO,M,NS,,8 AÑOS,2022-10-25 00:00:00,3,NO,NNO
4864,2022-10-26,DOGGY,CANINO,BEAGLE,2011-10-11,19.0,M,NO,JUAN CAMILO DELGADO,LIGIA GARCIA,1,NO,,CANINO,BEAGLE,M,NO,19,11.10.2011,2022-10-26 00:00:00,1,NO,NO
4865,2022-10-26,NANA,CANINO,CRIOLLO,,6.0,H,SI,NELLY REYES,EDGAR ,2,,,CANINO ,CRIOLLO,H,SI,6,7,2022-10-26 00:00:00,2,,NO
4866,2022-10-26,VALIENTE,CANINO,CRIOLLO,2018-10-01,40.0,H,,SEA WORLD,VET CHAICOCKER,2,NO,,CANINO,CRIOLLO,H,NS,40,01.10.2018,2022-10-26 00:00:00,2,NO,NO
4867,2022-10-27,TOMMY,FELINO,CRIOLLO,2019-01-01,6.1,M,,LILIANA PEÑA,MATEOS,,,,FELINO,CRIOLLO,M,NS,6.1,01.01.2019,2022-10-27 00:00:00,,,
4868,2022-10-27,MANOLO,FELINO,CRIOLLO,2019-01-01,4.2,M,SI,MARTHA VAQUERO,DRA MONICA PARDO,2,SI,,FELINO,CRIOLLO,M,SI,4.2,01.01.2019,2022-10-27 00:00:00,2,SI,NO
4869,2022-10-27,SIMON,CANINO,PINSCHER,2022-08-11,1.6,M,NO,ANA MILENA PIZON,CARLOS HERNANDEZ LEON,1,NO,,CANINO,PINSCHER,M,NO ,1.6,11.08.2022,2022-10-27 00:00:00,1,NO,SI
4870,2022-10-27,CHAVA,CANINO,,,,,,,,,,,CANINO,,,,,,2022-10-27 00:00:00,,,
4871,2022-10-28,MILU,CANINO,SCHNAUZER,2009-01-01,6.9,H,NO,FERNANDO RODRIGUEZ,DRA MAYRA GARCIA,2,SI,,CANINO,SHNAUZER,H,NO,6.9,01.01.2009,2022-10-28 00:00:00,2,SI,NO
4872,2022-10-28,THOMAS EDUARDO ,CANINO,YORKY SHIRE TERRIER,,4.0,M,SI,VANIA MARTINEZ,RAFAEL TORRES,2,SI,,CANINO,YORKY SHIRE TERRIER,M,SI ,4,23..03.2012,2022-10-28 00:00:00,2,SI,NO
4873,2022-10-28,THOMAS CORREDOR,CANINO,PINSCHER,,3.6,M,,OSCAR CORREDOR,ERWIN RESTREPO,2,SI,,CANINO,PINCHER,M,NS,3.6,2013,2022-10-28 00:00:00,2,SI,NO
4874,2022-10-28,TOMAS,FELINO,CRIOLLO,,,M,SI,ALEJANDRA FRANCO,DR ANIBAL GARCIA,1,,,FELINO,CRIOLLO,M,SI,,4 AÑOS,2022-10-28 00:00:00,1,NS,NO
4875,2022-10-29,LOLI,CANINO,COCKER,,10.2,H,SI,NATALY CASTAÑEDA,DR JUAN PABLO,2,SI,,CANINO,COCKER,H,SI,10.2,17 AÑOS,2022-10-29 00:00:00,2,SI,NO
4876,2022-10-29,DANA,CANINO,FRENCH POODLE,2009-12-30,,H,SI,ASTRID GARCIA,DRA. ADRIANA OSORNO,2,NO,,CANINO,FRENCH,H,SI,,2009-12-30 00:00:00,2022-10-29 00:00:00,2,NO,NO
4877,2022-10-29,MIMI,CANINO,MESTIZO,,11.6,H,SI,CAROLINA RUBIANO,DR ERWIN RESTREPO,2,SI,,CANINO,CRUCE,H,SI,11.6,16 AÑOS,2022-10-29 00:00:00,2,SI,NO
4878,2022-10-31,POLAR,CANINO,BORDER COLLIE,2021-06-09,18.0,M,SI,DANIEL VELASQUEZ,EDGAR ORDOÑEZ,1,NO,,CANINO,BORDER COLLIE,M,SI,18,2021-06-09 00:00:00,2022-10-31 00:00:00,1,NO,NO
4879,2022-10-31,PRINCESA,CANINO,LABRADOR,2012-10-01,28.8,H,SI,ROCIO MORENO,ANDRES RUIZ Y MARIA BAUTISTA,2,SI,,CANINNO,LABRADOR,H,SI,28.8,01.10.2012,2022-10-31 00:00:00,2,SI,NO
4880,2022-10-31,CHAPAS ,CANINO,PASTOR ALEMAN,,,M,NO,CARLOS CASTRO,ANIBAL GARCIA,1,NO,,CANINO,PASTOR ALEMAN ,M,NO,NS,27 .07.2022,2022-10-31 00:00:00,1,NO,SI
4881,2022-10-31,PACA,CANINO,CRIOLLO,,5.2,H,,FREDY PINILLA,ANDRES RUIZ,1,NO,,CANINO,CRIOLLA,H,NS,5.2,16 AÑOS,2022-10-31 00:00:00,1,NO,NO
4882,2022-11-01,FRIDA,CANINO,CRIOLLO,,18.0,H,SI,JOSEFINA MONTEALEGRE,DR ANIBAL GARCIA,1,NO,,CANINO,CRIOLLA,H,SI,18,8AÑOS,2022-11-01 00:00:00,1,NO,NO
4883,2022-11-01,PINTO,CANINO,FRENCH POODLE,2010-11-01,5.4,M,SI,MARGARITA LOPEZ,ANDRES RUIZ MARIA BAUTISTA,1,NO,,CANINO,FRENCH POODLE,M,SI,5.4,01.11.2010,2022-11-01 00:00:00,1,NO,NO
4884,2022-11-01,MARLEY,CANINO,GOLDEN RETRIEVER,2011-11-01,30.2,M,SI,VIVIANA JIMENEZ,CESAR TORRES,3,SI,,CANINO,GOLDEN RETRIEVER,M,SI,30.2,01.11.2011,2022-11-01 00:00:00,3,SI,NO
4885,2022-11-04,GATA,FELINO,CRIOLLO,2022-06-01,1.0,H,NO,FUNDACION GRANJA MASCOTAS,EL LADRADOR,2,SI,,FELINO,CRIOLLO,H,NO,1,01.06.2022,2022-11-04 00:00:00,2,SI,NO
4886,2022-11-02,TONY,CANINO,CRIOLLO,2011-10-01,28.0,M,NO,LUIS ALFOSO CASAS,EDGAR ORDOÑEZ,2,NO,,CANINO,CRIOLLO,M,NO,28,01.10.2011,2022-11-02 00:00:00,2,NO,NO
4887,2022-11-04,MONA,FELINO,CRIOLLO,2011-01-01,3.0,H,,ISABEL ROCHA,DR ERWIN RESTREPO,2,SI,,FELINO,CRIOLLO,H,,3,2011-01-01 00:00:00,2022-11-04 00:00:00,2,SI,NO
4888,2022-11-03,BRUNO,CANINO,MESTIZO,2014-08-01,44.0,M,NO,DANIEL RODRIGUEZ,ERWIN RESTREPO,1,NO,,CANINO,MESTIZO,M,NO,44,01.08.2014,2022-11-03 00:00:00,1,NO,NO
4889,2022-11-02,TOBY,CANINO,SCHNAUZER,2012-03-22,8.4,M,NO,MARTHA BELEN,RUBEN GOMEZ,2,NO,,CANINO,SCHNAUZER,M,NO,8.4,22.03.2012,2022-11-02 00:00:00,2,NO,NO
4890,2022-11-03,KIMI,CANINO,PPINSCHER,2022-02-01,,H,NO,CINDY RAMIREZ ,SANDRA TORRES,2,SI,,CANINO,PPINSCHER,H,NO,,01.02.2022,2022-11-03 00:00:00,2,SI,NO
4891,2022-11-05,TONU,CANINO,CRIOLLO,,8.0,M,SI,JUAN ESTEBAN MAHECHA,RUBEN GOMEZ,1,NO,,CANINO,CRIOLLO,M,Si,8,2 AÑOS,2022-11-05 00:00:00,1,NO,NO
4892,2022-11-05,MICHI,FELINO,CRIOLLO,2021-11-01,2.3,M,NO,LUIS CARLOS HURTADO,JUAN CAMILO TRIUJILLO,1,NO,,FELINO,CRIOLLO,M,NO,2.3,01.11.2021,2022-11-05 00:00:00,1,NO,NO
4893,2022-11-05,KATO,FELINO,CRIOLLO,2021-12-01,4.0,M,NO,ELVIRA BECERRA,ANIBAL GARCIA,1,NO,,FELINO,CRIOLLO,M,NO,4,01.12.2021,2022-11-05 00:00:00,1,NO,NO
4894,2022-11-05,JACK,CANINO,JACK RUSSELL,,6.0,M,SI,BLANCA SANCHEZ ,SANDRA TORRES,2,SI,,CANINO,JACK RUSSELL,M,SI,6,01.11.20011,2022-11-05 00:00:00,2,SI,NO
4895,2022-11-08,ZICO,CANINO,FRENCH POODLE,,8.6,M,SI,JUAN PABLO,EDGAR ORDOÑEZ,2,NO,,CANINO,FRENCH,M,SI,8.6,10 AÑOS,2022-11-08 00:00:00,2,NO,NO
4896,2022-11-08,BOLY,CANINO,SCHNAUZER,,,M,SI,MARGARITA SILVA,DR EDGAR ORDOÑEZ,1,NO,,CANINO,SHNAUZER,M,SI,NS,10 AÑOS,2022-11-08 00:00:00,1,NO,NO
4897,2022-11-08,GEMA,CANINO,PIT BULL,,18.4,H,NO,VALENTINA VERA,MAYRA GARCIA,1,NO,,CANINO,PIT BULL,H,NO,18.4,1 AÑO,2022-11-08 00:00:00,1,NO,NO
4898,2022-11-08,MOLLY,FELINO,CRIOLLO,,3.8,H,SI,SANDRA BUITRAGO,DR ANIBAL GARCIA,1,NO,,FELINO,CRIOLLA,H,SI,3.8,1 AÑO,2022-11-08 00:00:00,1,NO,NO
4899,2022-11-08,KIRA,FELINO,MESTIZO,,,H,SI,ROCIO DEL PILAR,DR ERWIN,2,SI,,FELINO,MESTIZO,H,SI,NS,6 AÑOS,2022-11-08 00:00:00,2,SI,NO
4900,2022-11-08,BRUNO,CANINO,MESTIZO,,,M,,DIANA AMPIQUE,DRA CAROLINA SUAREZ,2,SI,,CANINO,MESTIZO,M,NS,NS,9 AÑOS,2022-11-08 00:00:00,2,SI,NO
4901,2022-11-09,ROCKY,CANINO,FRENCH POODLE,,8.6,M,NO,GELBER TIRANO,DRA SANDRA TORRES,2,SI,,CANINO,FRENCH,M,NO,8.6,1 AÑO,2022-11-09 00:00:00,2,SI,NO
4902,2022-11-09,MARLY,CANINO,BEAGLE,,,M,SI,JAVIER MORALES,ANDRES RUIZ,3,SI,,CANINO,BEAGLE,M,SI,NO,8 AÑOS,2022-11-09 00:00:00,3,SI,NO
4903,2022-11-10,KITY,FELINO,SIAMES,,2.8,H,,VIRGINIA PLAZAS,DR ANIBAL GARCIA,1,NO,,FELINO,SIAMES,H,NS,2.8,,2022-11-10 00:00:00,1,NO,SI
4904,2022-11-10,TEO,CANINO,MALTES,,2.2,M,NO,ANDRES ECHEVERRY,DR ANIBAL GARCIA,1,NO,,CANINO,MALTES,M,NO,2.2,5  MESES,2022-11-10 00:00:00,1,NO,SI
4905,2022-11-10,PUKY,CANINO,PINSCHER,,,,NO,CARLOS BENITEZ,JUAN CMAILO TRUJILLO,1,NO,,CANINO,PINCHER,NS,NO,NS,14 AÑOS,2022-11-10 00:00:00,1,NO,NO
4906,2022-11-11,MOTITA,CANINO,FRENCH POODLE,2020-11-01,6.0,H,SI,JOHANA PARRA,ANDRES RUIZ Y MARIA BAUTISTA,2,SI,,CANINO,FRENCH POODLE,H,SI,6,01.11.2020,2022-11-11 00:00:00,2,SI,NO
4907,2022-11-12,LUNA,FELINO,CRIOLLO,2020-09-01,3.0,H,SI,LEIDY POVEDA,AMBULANCIA ANIMAL,1,NO,,FELINO,CRIOLLO,H,SI,3,01.09.2020,2022-11-12 00:00:00,1,NO,NO
4908,2022-11-15,GORDITA,CANINO,LABRADOR,2012-11-01,12.0,H,SI,LINA MARCELA CARDOZO,RUBEN GOMEZ,2,SI,,CANINO,LABRADOR,H,SI,12,01.11.2012,2022-11-15 00:00:00,2,SI,NO
4909,2022-11-15,DAKOTA,CANINO,BULL DOG INGLES,2022-02-15,18.0,H,NO,JUAN CAMILO ALFONSO,LIGIA GARCIA,2,SI,,CANINO,BULL DOG INGLES,H,NO,18,15.02.2022,2022-11-15 00:00:00,2,SI,NO
4910,2022-11-15,GANYAH,CANINO,PIT BULL,,28.0,M,SI,ALEJANDRA FIERRO,ANIBAL GARCIA,2,SI,,CANINO,PIT BULL,M,SI,28,8 AÑOS,2022-11-15 00:00:00,2,SI,NO
4911,2022-11-15,PASCUAL ,FELINO,CRIOLLO,2015-09-01,7.0,M,SI,MONICA FIGUEREDO ,ERWIN RESTREPO ,2,SI,,FELINO,CRIOLLO,M,SI,7,2015-09-01 00:00:00,2022-11-15 00:00:00,2,SI,NO
4912,2022-11-15,CHARRITO,CANINO,CRIOLLO,,,M,NO,GLADYS GOMEZ,DRA. CAROLINA SUAREZ,2,NO,,CANINO,CRIOLLO,M,NO,NS,7  AÑOS,2022-11-15 00:00:00,2,NO,NO
4913,2022-11-15,KIMARA,CANINO,CRIOLLO,2021-01-01,27.4,H,NO,DANIEL ROJAS,JAIME VEGA,1,NO,,CANINO,CRIOLLO,H,NO,27.4,01.01.2021,2022-11-15 00:00:00,1,NO ,NO
4914,2022-11-16,BENJAMIN LOPEZ,CANINO,FRENCH POODLE,2013-11-01,12.0,H,,DIANA LOPEZ,ANDRES RIUZ,2,SI,,CANINO,FRENCH POODLE,H,NS,12,01.11.2013,2022-11-16 00:00:00,2,SI,NO
4915,2022-11-16,PRINCESA,FELINO,CRIOLLO,2022-09-01,1.0,H,NO,VALENTINA BOLIVAR,MATEOS,1,NO,,FELINO,CRIOLLO,H,NO ,1,01.09.2022,2022-11-16 00:00:00,1,NO,NO
4916,2022-11-16,JACK,CANINO,BEAGLE,2017-11-01,13.0,M,SI,ESTABAN JEREZ,ERWIN RESTREPO ,2,SI,,CANINO,BEAGLE ,M,SI,13,01.11.2017,2022-11-16 00:00:00,2,SI,NO
4917,2022-11-16,HASLEIDY,CANINO,PASTOR SUIZO,2005-11-01,,H,SI,JHON POVEDA ,RUBEN GOMEZ,1,NO,,CANINO,PASTOR SUIZO,H,SI,,01.11.2005,2022-11-16 00:00:00,1,NO ,NO
4918,2022-11-17,SULTAN,CANINO,GOLDEN,,27.0,,SI,WILLIAM JARA,DRA SANDRA TORRES,1,,,CANINO,GOLDEN,NS,SI,27,4.8AÑOS,2022-11-17 00:00:00,1,,
4919,2022-11-18,MILU,CANINO,FRENCH POODLE,2012-01-01,8.0,H,,JULIAN CARCAMO,,,,,CANINO,FRENCH,H,NS,8,2012-01-01 00:00:00,2022-11-18 00:00:00,,,
4920,2022-11-18,MAILO,CANINO,CRIOLLO,,29.0,M,SI,LEIDY MONTAÑEZ,DR ERWIN RESTREPO,2,SI,,CANINO,CRIOLLO,M,SI,29,1 AÑO,2022-11-18 00:00:00,2,SI,
4921,2022-11-19,PRINCIPE,FELINO,CRIOLLO,2017-02-18,3.0,M,SI,SANTIAGO RODRIGUEZ,JULIO CESAR DUARTE,2,SI,,FELINO,CRIOLLO,M,SI,3,2017-02-18 00:00:00,2022-11-19 00:00:00,2,SI,SI
4922,2022-11-19,NACHO,FELINO,CRIOLLO,,5.0,M,,MARCELA OCAMPO,DR ERWIN RESTREPO,1,,,FELINO,CRIOLLO,M,,5,12 AÑOS,2022-11-19 00:00:00,1,,
4923,2022-11-19,PININA,CANINO,BEAGLE,,9.0,H,NO,LUZ GABRIELA RAMIREZ,JUAN CAMILO TRUJILLO,1,NO,,CANINO,BEAGLE,H,NO,9,NS,2022-11-19 00:00:00,1,NO,NO
4924,2022-11-19,OZZY,CANINO,PONERANIA,2021-09-04,2.0,M,NO,DIEGO ORTIZ ,OMAR BERMUDEZ,2,SI,,CANINO,PONERANIA ,M,NO,2,4.09.2021,2022-11-19 00:00:00,2,SI,NO
4925,2022-11-19,LAIKA,CANINO,SHIH TZU,,6.0,H,NO,IVONNE SAENZ,DR ERWIN RESTREPO,,,,CANINO,SHIT ZU,H,NO,6,NS,2022-11-19 00:00:00,,,
4926,2022-11-21,ORION ,CANINO,LABRADOR,2013-11-01,42.0,M,NO,HECTOR MEDINA ,MATEOS,2,SI,,CANINO,LABRADOR ,M,NO,42,01.11.2013,2022-11-21 00:00:00,2,SI,NO
4927,2022-11-21,ALBIN,CANINO,POODLE,2012-11-01,6.0,M,SI,DAVID MONTOYA,SANDRA TORRES,2,SI,,CANINO,POODLE ,M,SI,6,01.11.2012,2022-11-21 00:00:00,2,SI,NO 
4928,2022-11-21,MAX,CANINO,BULL DOG FRANCES,2022-05-01,7.4,M,NO,DANIELA MORENO,RUBEN GOMEZ,2,NO,,CANINO,BULL DOG FRABCES,M,NO,7.4,01.05.2022,2022-11-21 00:00:00,2,NO,NO
4929,2022-11-23,GOST,CANINO,MESTIZO,,,M,,ADNA SUARES,ANDRES RUIZ,4,SI,,CANINO,MESTIZO,M,NS,NS,01/01/,2022-11-23 00:00:00,4,SI,NO
4930,2022-11-23,CANELA,,MESTIZO,2014-01-01,,H,,LEONARDO,DR ANDRES RUIZ,2,NO,,CANELA,MESTIZO,H,NS,NS,2014-01-01 00:00:00,2022-11-23 00:00:00,2,NO,NO
4931,2022-11-23,LISSY,CANINO,LABRADOR,2005-11-01,18.0,H,SI,NS,ERWIN RESTREPO,2,NO,,CANINO,LABRADOR,H,SI,18,01-11/2005,2022-11-23 00:00:00,2,NO,NO
4932,2022-11-23,MARA,CANINO,PIT BULL,2017-06-10,31.7,H,SI,ERIK RUIZ,VET MATEOS,2,SI,,CANINO,PIT BULL,H,SI,31.7,10.06.2017,2022-11-23 00:00:00,2,SI,NO
4933,2022-11-23,SAMMY,CANINO,BERNES DE LA MONTAÑA,2014-11-01,,M,,RICARDO PEREZ,RUBENN GOMEZ,3,SI,,CANINO,BERENEZ DE LA MONTAÑA,M,NS,NS,01.11.2014,2022-11-23 00:00:00,3,SI,NO
4934,2022-11-24,PACHITA,FELINO,CRIOLLO,2012-11-01,,H,SI,GABRIEL VELEZ,ANIBAL GARCIA,2,SI,,FELINO,CRIOLLO ,H,SI,NS,01.11.2012,2022-11-24 00:00:00,2,SI,NO
4935,2022-11-24,RAKY,CANINO,SIBERIANO,2020-01-01,23.0,H,NO,OSCAR CALVO,SANDRA TORRES,2,SI,,CANINO,SIBERIANO,H,NO,23,2020-01-01 00:00:00,2022-11-24 00:00:00,2,SI,NO
4936,2022-11-24,JACOB,CANINO,AMERICAN BULLY,,31.2,M,NO,SANDRA CHAVES ,ERWIN RESTREPO ,4,SI,,CANINO,AMERICAN BULLY,M ,NO,31.2,17.10.20,2022-11-24 00:00:00,4,SI,NO
4937,2022-11-25,MONA,CANINO,CRIOLLO,2013-11-01,14.7,H,SI,SAKHI VALDES,JULIO CESAR ,2,SI,,CANINO,CRIOLLO ,H,SI,14.7,01.11.2013,2022-11-25 00:00:00,2,SI,NO
4938,2022-11-25,TOBY,CANINO,BEAGLE,2012-07-05,17.0,M,NO,ANDRES YANEZ,JAIME VEGA ,2,SI,,CANINO,BEAGLE,M,NO ,17,5.07.2012,2022-11-25 00:00:00,2,SI,NO
4939,2022-11-25,MALU,CANINO,SCHNAUZER,2012-11-01,7.4,H,SI,NICOLAS LEONN,LIGIA GARCIA,5,SI,,CANINO,SCHNAUZER,H,SI,7.4,01.11.2012,2022-11-25 00:00:00,5,SI,NO
4940,2022-11-25,TINTO ,CANINO,CRIOLLO,2017-11-01,,M,SI,JUAN CAMILO CELI,CHANICOCKER ,4,SI,,CANINO ,CRIOLLO,M ,SI,,01.11.2017,2022-11-25 00:00:00,4,SI,NO
4941,2022-11-26,MILO FEDERICO,CANINO,COCKER,,18.0,M,SI,MARTHA RAMÍREZ,JUAN CAMILO,2,SI,,CANINO,COCKER,M,SI,18,7 AÑOS,2022-11-26 00:00:00,2,SI,NO
4942,2022-11-26,MOTAS,FELINO,CRIOLLO,,3.0,H,NO,JULIA CORREA,JUAM CAMILO,2,SI,,FELINO,CRIOLLO,H,NO ,3,9 MESES,2022-11-26 00:00:00,2,SI,NO
4943,2022-11-26,MOTUS,CANINO,FRENCH POODLE,2019-09-30,,M,SI,ALIX TATIANA CHOCONTA,PET HOUSE,2,SI,,CANINO,FRENCH POODLE,M,SI,,30.09.2019,2022-11-26 00:00:00,2,SI,NO
4944,2022-11-26,BRUNO ,FELINO,CRIOLLO,2019-09-20,6.0,M,SI,VALENTINA MARTINEZ,MATEOS ,1,NO,,FELINO,CRIOLLO,M,SI,6,20.09.2019,2022-11-26 00:00:00,1,NO,O
4945,2022-11-26,TARA,CANINO,BULL DOG FRANCES,2019-07-10,12.0,H,SI,JOHANA BALLEN,ADRIANA OSORNO ,1,NO,,CANINO,BULL DOG FRANCES,H,SI,12,10.07.2019,2022-11-26 00:00:00,1,NO,NO
4946,2022-11-26,ZAFIRA,FELINO,,2008-11-01,3.0,H,SI,SAMIR CASTILLO,PET HOUSE,4,SI,,FELINO,FELINO,H,SI,3,01.11.2008,2022-11-26 00:00:00,4,SI,NO
4947,2022-11-26,SEUZ,CANINO,BERNES DE LA MONTAÑA,2017-01-01,48.0,M,NO,JHON JAIRO AHUMADA,RUBEN GOMEZ,3,SI,,CANINO,BERNES DE LA MONTAÑA,M,NO,48,01.01.02017,2022-11-26 00:00:00,3,SI,NO
4948,2022-11-26,MILAGROS,CANINO,CRIOLLO,2016-11-01,10.0,H,,DELMAR PEÑA,AMBULANCIA ANIMAL,2,NO,,CANINNO,CRIOLLO,H,NS,10,01.11.2016,2022-11-26 00:00:00,2,NO,NO
4949,2022-11-26,LILO,CANINO,COCKER,2017-10-18,18.0,H,SI,DAYANA CASTELLANOS,AMBULANCIA ANIMAL,2,NO,,CANINO,COCJKER,H,SI,18,18.10.2017,2022-11-26 00:00:00,2,NO,NO
4950,2022-11-28,NIÑO,CANINO,CRIOLLO,2010-11-01,6.0,M,NO,SARA GOMEZ ,LAURA AMAYA ,2,SI,,CANINO,CRIOLLO,M,NO,6,01.11.2010,2022-11-28 00:00:00,2,SI,NO
4951,2022-11-28,JAGUER,CANINO,AMERICAN BULLY,2020-11-20,24.8,M,SI,MARCELA VELASQUEZ,JUAN OBALO ORTIZ ,2,SI,,CANINO ,BULLY,M,SI,24.8,20.11.2020,2022-11-28 00:00:00,2,SI,NO
4952,2022-11-28,BRUNO,CANINO,CRIOLLO,2015-02-01,29.4,M,SI,DIANA CUENCA,ERWIN RESTREPO,2,SI,,CANINO,CRIOLLO,M,SI,29.4,01.02.2015,2022-11-28 00:00:00,2,SI,SI
4953,2022-11-28,LUNA,CANINO,SHIH TZU,2013-06-01,4.2,H,SI,STELLA SANCHEZ ,JAIME VEGA ,2,NO,,CANINO,SHIH TZU ,H,SI,4.2,01.06.2013,2022-11-28 00:00:00,2,NO,SI
4954,2022-11-29,LENNON,FELINO,CRIOLLO,,4.0,M,,YENNY RIVEROS,RUBEN GOMEZ,1,NO,,"FELINO
",CRIOLLO,M,NS,4,NS,2022-11-29 00:00:00,1,NO,NO
4955,2022-11-29,ROKY,CANINO,BEAGLE,,20.0,M,SI,CLAUDIA GUYENNECHE,ANIBAL GARCIA,1,NO,,CANINO,BEAGLE,M,SI,20,SI,2022-11-29 00:00:00,1,NO,NO
4956,2022-11-29,NATASHA,CANINO,BEAGLE,2010-01-01,12.0,H,SI,PEDRO NEL HERNANDEZ ,MARIA TERESA GACHARNA ,1,NO,,CANINO,BEAGLE,H,SI,12,01.01.2010,2022-11-29 00:00:00,1,NO,NO
4957,2022-11-30,MAX,FELINO,COCKER,,12.2,M,NO,ADRIANA GALEANO,MATEOS,2,NO,,FELINO,COCKER,M,NO,12.2,8 AÑOS,2022-11-30 00:00:00,2,NO,NO
4958,2022-12-01,PEGUI,CANINO,CRIOLLO,,20.8,H,SI,GREGORIO OSO,DRA LAURA ,2,SI,,CANINO,CRIOLLO,H,SI,20.8,10 AÑOS,2022-12-01 00:00:00,2,SI,NO
4959,2022-12-01,HEALTHY,FELINO,CRIOLLO,2021-12-01,4.4,M,NO,HOLMAN BAUTISTA,DRA LAURA AMAYA,2,NO,,FELINO,CRIOLLO,M,NO,4.4,01.12.2021,2022-12-01 00:00:00,2,NO,NO 
4960,2022-12-01,TRIBILIN,CANINO,CRIOLLO,2019-12-01,15.0,M,SI,RAFAEL MALDONADO ,MASCOTA SALUD,2,SI,,CANINO,CRIOLLO,M ,SI,15,01.12.2019,2022-12-01 00:00:00,2,SI,NO
4961,2022-12-02,AUNCAN,CANINO,LABRADOR,,22.0,M,NO,NATALIA GARCIA,DRA SANDRA TORRES,2,NO,,CANINO,LABRADOR,M,NO,22,13 AÑOS,2022-12-02 00:00:00,2,NO,NO
4962,2022-12-02,RAMON ,CANINO,BIEWER TERRIER,2021-10-15,4.4,M,,BIBIAN CUBILLOS,DR ERWIN RESTREPO,2,,,CANINO,BIEWER TERRIER,M,NS,4.4,2021-10-15 00:00:00,2022-12-02 00:00:00,2,,NO
4963,2022-12-02,TOM,FELINO,CRIOLLO,2022-02-27,4.0,M,SI,ANGELICA RODRIGUEZ,DR ERWIN RESTREPO,2,,,FELINO,CRIOLLO,M,SI,4,27.02.2022,2022-12-02 00:00:00,2,,NO
4964,2022-12-02,PRINCESA,CANINO,PUG,2017-01-30,8.8,H,,MARIA FERNANDA RODRIGUEZ,ANIBAL GARCIA,2,,,CANINO,PUG,H ,NS,8.8,30.01.2017,2022-12-02 00:00:00,2,,SI
4965,2022-12-03,DANTE,FELINO,CRIOLLO,2003-01-01,4.0,M,SI,MARIA REINA ,JUAN CAMILO TRUJILLO,2,,,FELINO,CRIOLLO,M,SI ,4,01.01.2003,2022-12-03 00:00:00,2,,NO
4966,2022-12-03,LAIKA,CANINO,SIBERIANO,2012-07-10,18.0,H,SI,INGRID PAEZ,JAIME VEGA ,,,,CANINO ,SIBERIANO,H,SI,18,10.07.2012,2022-12-03 00:00:00,,,NO
4967,2022-12-05,MATEO,CANINO,PINSCHER,2014-12-05,4.0,M,NO,MARGARITA FORIGUA,JAIME VEGA ,2,SI,,CANINO,PINCHER,M,NO,4,05.12.2014,2022-12-05 00:00:00,2,SI,NO
4968,2022-12-05,MEU,FELINO,CRIOLLO,2022-06-01,,H,NO,LUNA PEÑA,ALEJANDRO PUERTA,1,NO,,FELINO ,CRIOLLO,H,NO,,01.06.2022,2022-12-05 00:00:00,1,NO,NO
4969,2022-12-05,CHQIUITIN,CANINO,FRENCH POODLE,2016-12-05,8.6,M,SI,ELIZABETH GARCIA,ANIBAL GARCIA,1,NO,,CANINO,FRENCH POODLE,M,SI,8.6,05.12.2016,2022-12-05 00:00:00,1,NO,NO
4971,2022-12-05,SACHA,CANINO,CRIOLLO,2013-01-01,46.0,H,SI,ELIZABETH GARCIA,DR ANIBAL GARCIA,1,NO,,CANINO,CRIOLLO,H,SI,46,2013-01-01 00:00:00,2022-12-05 00:00:00,1,NO,NO
4972,2022-12-05,KUKA,CANINO,CRIOLLO,2022-02-01,21.0,H,SI,AMDRES ROJAS ,JUAN CAMILO TRUJILLO,1,NO,,CANINO,CRIOLLO,H,SI,21,01.02.2022,2022-12-05 00:00:00,1,NO,NO
4973,2022-12-05,THANOS,CANINO,PITBULL,2019-12-05,37.0,M,SI,JULIAN FELIPE OVALLE,ANIBAL GARCIA ,1,NO,,CANINO,PITBULL,M,SI,37,05.12.2019,2022-12-05 00:00:00,1,NO,NO
4974,2022-12-06,LUPE,FELINO,PERSA,2022-01-20,2.8,H,SI,FRANCI TRUJILLO ,ANDRES RUIZ ,2,SI,,FELINO,PERSA,H,SI,2.8,20.01.2022,2022-12-06 00:00:00,2,SI,NO
4975,2022-12-06,KATIRA,CANINO,CRIOLLO,2022-06-06,11.6,H,NO,LUIS GUTIÉRREZ ,LUISA VARGAS ,2,NO,,CANINO,CRIOLLO ,H,NO,11.6,6.06.2022,2022-12-06 00:00:00,2,NO,NO
4976,2022-12-08,PONCHO,CANINO,CRIOLLO,2013-06-28,12.0,M,SI,LIZETH ZAMORA ,ERWIN RESTREPO ,1,NO,,CANINO,CRIOLLO,M,SI,12,28.06.2013,8.12.2022,1,NO,NO
4977,2022-12-06,SELENE,CANINO,CRIOLLO,2020-12-01,22.0,H,,MARIA MEDINA,LAURA AMAYA ,1,NO,,CANINO,CRIOLLO,H,NS,22,01.12.2020,2022-12-06 00:00:00,1,NO,NO
4978,2022-12-06,MIA CANELA ,CANINO,PINSCHER,2019-12-01,3.0,H,NO,PAULA,JUAN CAMILO TRUJILLO,1,NO,,CANINO,PINSCHER,H,NO,3,01.12.2019,2022-12-06 00:00:00,1,NO,NO
4979,2022-12-07,PANCHA,FELINO,CRIOLLO,,,H,SI,NUBIA TELLEZ,DR DANIEL MENDIETA,2,SI,,FELINO,CRIOLLA,H,SI,NS,15 AÑOS,2022-12-07 00:00:00,2,SI,NO
4980,2022-12-07,GALILEO ,FELINO,CRIOLLO,2019-04-10,6.0,M,,DAVID ARAQUE ,ERWIN RESTREPO ,2,NO,,FELINO,CRIOLLO ,M,NO R,6,10.04.2019,2022-12-07 00:00:00,2,NO,NO
4981,2022-12-09,VENUS,CONEJO,CRIOLLO,2015-12-09,3.0,M,SI,DIANA CABEZAS ,JUAN CAMILO TRUJILLO,1,,,CONEJO,CRIOLLO,M,SI,3,09.12.2015,2022-12-09 00:00:00,1,revisar,NO
4982,2022-12-09,TANIA,CANINO,FRENCH POODLE,2010-12-10,,H,SI,GABRIELA RODRIGUEZ ,LIGIA GARCIA,2,SI,,CANINO,FRENCH POODLE,H,SI,,10.12.2010,2022-12-09 00:00:00,2,SI,NO
4983,2022-12-09,JONAS,FELINO,CRIOLLO,2012-06-07,4.0,H,SI,JAZMIN CASTRO,ANIBAL GARCIA ,1,,,FELINO ,CRIOLLO ,H,SI,4,7.06.2012,2022-12-09 00:00:00,1,revisar,SI
4984,2022-12-10,CAMPANITA,CANINO,PUG,,8.6,H,SI,JOSE CARMEN DURAN,ERWIN ,2,SI,,CANINO,PUG,H,SI,"8,6",7 AÑOS,2022-12-10 00:00:00,2,SI,
4985,2022-12-10,RUFITO,CANINO,FRENCH POODLE,,9.0,M,SI,NELLY REYES,DR ORDOÑEZ,2,,,CANINO,FRENCH,M,SI,9,8 AÑOS,2022-12-10 00:00:00,2,revisar,NO
4986,2022-12-10,GINGER,FELINO,CRIOLLO,2022-08-01,2.2,H,NO,EDNA MUÑOZ,DR JUA CAMILO TRUJILLO,1,,,FELINO,CRIOLLO,H,NO,2.2,01.08.2022,2022-12-10 00:00:00,1,revisar,NO
4987,2022-12-10,MOLLY,CANINO,BULL DOG INGLES,2015-12-01,27.0,H,NO,CAMILO VELANDIA ,JUAN APBLO ORTIZ ,2,SI,,CANINO,BULL DOG INGLES ,H,NO,27,01.12.2015,2022-12-10 00:00:00,2,SI,NO
4988,2022-12-12,JUANA,CANINO,CRIOLLO,2019-02-01,5.8,H,SI,JUAN CARLOS PINILLA,MARIA BAUTISTA ANDRES RUIZ ,2,SI,,CANINO,CRIOLLO,H,SI,5.8,01.02.2019,2022-12-12 00:00:00,2,SI,NO
4989,2022-12-13,SPENCER,CANINO,BULL TERRIER,2012-08-01,20.0,M,SI,JOHAN FORERO,JUAN CAMILO  Y ERIKA,2,SI,,CANINO,BULL TERRIER,M,SI,20,01.08.2012,13.12.2022,2,SI,NO
4990,2022-12-13,NICKY,CANINO,CRIOLLO,2020-02-01,11.6,M,,PAULA LOPEZ ,LUISA VARGAS,2,,,CANINO,CRIOLLO,M,Na,"11,60","01,02,2020",13.12.2022,2,,
4991,,KIRA,FELINO,CRIOLLO,,5.0,H,SI,PAOLA TORRES,ERWIN,2,SI,,FELINO,CRIOLLA,H,SI,5,8 AÑOS,,2,SI,NO
4992,2022-12-14,DANTE,CANINO,PASTOR,,28.0,M,,FELIPE ARCE,DR RUBEN GOMEZ,2,,,CANINO,PASTOR,M,NS,28,1 AÑO,2022-12-14 00:00:00,2,,
4993,2022-12-14,NENA,CANINO,FRENCH POODLE,2021-11-01,6.8,H,SI,MIRIAM SANCHEZ,MATEOS,1,NO,,CANINO,FRENCH POODLE,H,SI,6.8,01.11.2021,2022-12-14 00:00:00,1,NO,NO
4994,2022-12-14,JUPITER,CANINO,CRIOLLO,2018-12-01,30.8,M,NO,DANIEL CASTELLANOS,ERWIN RESTREPO,2,,,CANINO,CRIOLLO,M,NO,30.8,01.12.2018,2022-12-14 00:00:00,2,,NO
4995,2022-12-15,KORA,CANINO,PIT BULL,,30.0,H,SI,JAIME GUTIERREZ,ALEJANDRO PUERTA,1,NO,,CANINO,PIT BULL,H,SI,30,8 AÑOS,2022-12-15 00:00:00,1,NO,NO
4996,2022-12-15,MINDI,CANINO,PINSCHER,2015-12-22,3.0,H,SI,NATALIA SOLANO,ERWIN RESTREPO,2,SI,,CANINO,PINSCHER,H,SI,3,22.12.2015,2022-12-15 00:00:00,2,SI,NO
4997,2022-12-15,SILENCIO,CANINO,BEAGLE,2012-10-31,18.0,M,NO,JUAN CASTRO,DR ERWIN RESTREPO,2,SI,,CANINO,BEAGLE,M,NO,18,2012-10-31 00:00:00,2022-12-15 00:00:00,2,SI,NO
4998,2022-12-19,TAIRON,CANINO,CRIOLLO,2018-01-01,,M,SI,VALENTINA DIAZ,CARLOS ALBERTO GARCIA,2,SI,,CANINO,CRIOLLO,M,SI,,2018-01-01 00:00:00,2022-12-19 00:00:00,2,SI,NO
4999,2022-12-16,MILA,FELINO,CRIOLLO,,3.0,H,,LUISA ARMENTA,DR JUAN PABLO,2,,,FELINO,CRIOLLO,H,NS,3,NS,2022-12-16 00:00:00,2,NS,NO
5000,2022-12-19,TOM,CANINO,CRIOLLO,,6.6,M,SI,MONICA MUÑOZ,DR ANDRES RUIZ,2,NO,,CANINO,CRIOLLO,M,SI,6.6,8 AÑOS,2022-12-19 00:00:00,2,NO,NO
5001,2022-12-21,LOLITA,CANINO,PINSCHER,,3.0,H,,PAOLA RICO,DRA PAOLA ENRIQUEZ,2,SI,,CANINO,PINCHER,H,NS,3,4 MESES,2022-12-21 00:00:00,2,SI,NO
5002,2022-12-21,CLOE,FELINO,CRIOLLO,,4.0,H,SI,HOGAR DE PASO MAMA DE LU,DR. ERWIN,2,NO,,FELINO,CRIOLLO,H,SI,4,1 AÑO,21/12//2022,2,NO,NO
5003,2022-12-21,CHINO MOLINA,FELINO,CRIOLLO,,4.4,H,SI,YESICA MOLINA,DR ERWIN,1,NO,,FELINO,CRIOLLO,H,SI,4.4,15 AÑOS,2022-12-21 00:00:00,1,NO,NO
5004,2022-12-22,TONNY,CANINO,CRIOLLO,2014-08-01,,M,NO,INFARVET,DR LUISA VARGAS ,2,SI,,CANINO ,CRIOLLO ,M,NO,NS,01.08.2014,2022-12-22 00:00:00,2,SI ,NO
5005,2022-12-22,SULLIVAN,CANINO,FRENCH POODLE,,,M,SI,MARIANA SOTO,DR. JULIO CESAR DUARTE,2,SI,,CANINO,FRENCH,M,SI,NS,5 AÑOS,2022-12-22 00:00:00,2,SI,NO
5006,2022-12-22,JESSIE,CANINO,BEAGLE,,10.8,H,SI,NANCY CASTRO,JUAN PABLO ORTIZ,1,NO,,CANINO,BEAGLE,H,SI,10.8,21.MARZO 2013,2022-12-22 00:00:00,1,NO,NO
5007,2022-12-26,BELLA,CANINO,BULL DOG FRANCES,2022-08-30,6.2,H,NO,CRISTIAN MARTINEZ,JUAN CAMILO TRUJILLO,2,SI,,CANINO,BULL DOG FRANCES,H,NO,6.2,30.08.2022,2022-12-26 00:00:00,2,SI,NO
5008,2022-12-23,TONY,CANINO,CRIOLLO,,25.0,M,,MARIA ALEJANDRA MALDONADO,DRA MAIRA GARCIA,1,NO,,CANINO,CRIOLLO,M,,25,1 AÑO,2022-12-23 00:00:00,1,NO,NO
5009,2022-12-24,MATILDA,CANINO,WESTY,,6.0,H,SI,MARIA TERESA GUZMAN,DR JUAN PABLO,2,SI,,CANINO,WESTY,H,SI,6,3 AÑOS,2022-12-24 00:00:00,2,SI,NO
5010,2022-12-24,MUÑECO,CANINO,SCHNAUZER,2013-01-05,11.9,H,NO,PAOLA HERMOSO,PAOLA HERMOSO,2,SI,,CANINO,SHNAUZER,H,NO,11.9,2013-01-05 00:00:00,2022-12-24 00:00:00,2,SI ,NO 
5011,2022-12-26,ASLAN,CANINO,GOLDEN RETRIEVER,2012-12-01,31.0,M,NO,DANIEL CAMACHO,SANDRA TORRES,2,SI,,CANINO,GOLDEN RETRIEVER,M,NO,31,01.12.2012,2022-12-26 00:00:00,2,SI,NO
5012,2022-12-26,MAXIMILIANO,FELINO,CRIOLLO,2018-12-01,6.0,M,SI,ANDRES ACERO,ANDRES RIZ Y MARIA BAUTISTA,3,SI,,FELINO,CRIOLLO,M,SI,6,01.12.2018,2022-12-26 00:00:00,3,SI,NO
5013,2022-12-26,NIEVE,FELINO,CRIOLLO,,3.0,H,SI,JENIFER RANGEL,EDGAR ORDOÑEZ,2,SI,,FELINO,CRIOLLO,H,SI,3,,2022-12-26 00:00:00,2,SI,NO
5014,2022-12-26,TIGRE,FELINO,CRIOLLO,2022-10-01,1.2,M,NO,GLORIA ESPERANZA,DR JUAN CAMILO TRUJILLO,2,SI,,FELINO,CRIOLLO,M,NO,1.2,01.10.2022,2022-12-26 00:00:00,2,SI,NO
5015,2022-12-26,ZOE,FELINO,CRIOLLO,,,H,NO,LEIDY SANCHEZ,DR JUAN CAMILO TRUJILLO,2,SI,,FELINO,CRIOLLO,H,NO,NS,9 MESES,2022-12-26 00:00:00,2,SI,NO 
5016,2022-12-27,APOLO,CANINO,BULL DOG,,13.0,,NO,ALEX VASQUEZ,DR ANDRES RUIZ,2,SI,,CANINO,BULL DOG,,NO,13,1 AÑO,2022-12-27 00:00:00,2,SI,NO
5017,2022-12-27,ISIS,FELINO,CRIOLLO,2022-06-01,3.0,H,SI,LUZ MARY TORRES,ERWIN RESTREPO,2,NO,,FELINO,CRIOLLO,H,SI,3,01.06.2022,2022-12-27 00:00:00,2,NO,NO
5018,2022-12-27,NOAH,FELINO,CRIOLLO,2021-01-01,3.0,H,,SOFIA SUAREZ,ERWIN RESTREPO,2,NO,,FELINO,CRIOLLO,H,NS,3,1.01.2021,2022-12-27 00:00:00,2,NO,NO
5019,2022-12-27,AMAHIA,FELINO,CRIOLLO,2020-10-20,3.0,H,SI,ALEJANDRO MATAMOROS ,ERWIN RESTREPO,1,NO,,FELINO ,CRIOLLO,H,SI,3,20.10.2020,2022-12-27 00:00:00,1,NO,NO
5020,2022-12-28,NOVA,CANINO,CRIOLLO,,36.0,H,SI,VALERIA GARCIA ,EDGAR ORDOÑEZ,1,NO,,CANINO,CRIOLLO,H,SI,36,12 AÑOS,2022-12-28 00:00:00,1,NO,NO
5021,2022-12-28,BENJI,CANINO,CRIOLLO,2022-02-04,17.0,M,NO,GABRIEL GUERRERO ,JAIME VEGA ,1,NO,,CANINO,CRIOLLO ,M,NO,17,4.02.2022,2022-12-28 00:00:00,1,NO,NO
5022,2022-12-28,ATENA,CANINO,BEAGLE,2014-12-01,17.8,H,SI,SANTIAGO PARRA,ERWIN RESTREPO,2,,,CANINO,BEAGLE,H,SI,17.8,01.12.2014,2022-12-28 00:00:00,2,,NO
5023,2022-12-28,LUNA,CANINO,COCKER,2012-02-01,12.0,H,SI,NINA MATEUS,DR ANBIBAL GARCIA,1,NO,,CANINO,COCKER,H,SI,12,01.02.2012,2022-12-28 00:00:00,1,NO,NO
5024,2022-12-28,KIRA,CANINO,COCKER,2014-11-11,14.6,H,SI,CONSUELO DUARTE,DR JUAN CAMILO TRUJILLO,2,SI,,CANINO,COCKER,H,SI,14.6,11.11.2014,2022-12-28 00:00:00,2,SI,SI
5025,2022-12-28,NOAH,FELINO,CRIOLLO,2018-12-01,4.6,H,SI,ANDRES GARZON,ERWIN RESTREPO,1,SI,,FELINO,CRIOLLO,H,SI,4.6,01.12.2018,2022-12-28 00:00:00,1,SI,SI
5026,2022-12-31,NACHA,CANINO,CRIOLLO,2014-12-01,6.0,H,SI,CRISTIAN GARCIA MUÑOZ,DRA MAYRA GARCIA,2,SI,,CANINO,CRIOLLO,H,SI,6,01.12.2014,2022-12-31 00:00:00,2,SI,NO
5027,2022-12-31,SAMMY,CANINO,CRIOLLO,2017-12-16,14.2,H,SI,RICARDO CESAR NNIÑO,DRA MAYRA GARCIA,3,,,CAINO,CRIOLLO,H,SI,14.2,16.12.2017,2022-12-31 00:00:00,3,,NO
5028,2022-12-31,MANOLO,CANINO,CRIOLLO,2008-02-01,25.0,M,NO,WILLIAM LOPEZ ,DRA MAYRA GARCIA,2,,,CANINO,CRIOLLO,M,NO,25,01.02.2008,2022-12-31 00:00:00,2,,no
